repository,branch,head_sha,protected
ari-OCTOPUS/ofn-node,archive/board180-unprotected-20260830,c6d6a47bbfa40fbbbe425e3b1b88c8befcd89150,false
ari-OCTOPUS/ofn-node,audit/138-20260903,644725d1d58e979ce4cc400e097b2ee5b2ef566b,false
ari-OCTOPUS/ofn-node,audit/cursor-20260828,d94c42cb15d660f30348fc0400e13eeef4636523,false
ari-OCTOPUS/ofn-node,audit/senior-auditor-20260828-138,f09681ad315f575458506c0148ff12b825f8072f,false
ari-OCTOPUS/ofn-node,audit/zcode-20260828,678975bb43c3ab688a1adea4a1f0cb6f99fd4b6a,false
ari-OCTOPUS/ofn-node,auto/gap-065-1788449777,c02ac0e0deb1c4e59219ab372e6a9ca91cacab90,false
ari-OCTOPUS/ofn-node,auto/gap-065-1788450126,238928524089e789a1603ff9da8ecf11a68437a7,false
ari-OCTOPUS/ofn-node,auto/gap-065-1788450216,e76dcf9ccfaa35000535f29010b83bab45ca042c,false
ari-OCTOPUS/ofn-node,backup/board138-20260830,c1969bce5384f3371b916470299c991627c3d63c,false
ari-OCTOPUS/ofn-node,backup/board180-20260830,28209effa84af68a85ab60329c77dca81c6cea00,false
ari-OCTOPUS/ofn-node,backup/board182-20260830,294d51c1e01d999f55511d6b3bb038fd41ce9918,false
ari-OCTOPUS/ofn-node,backup/hypno-fugu-mini-20260830,0f225571d16ebc9b19e10683c51b5c86313bf4d1,false
ari-OCTOPUS/ofn-node,chore/dead-source-labels-20260902,0a5de4fed1fc2250327ba34ebcf7451e252f97c1,false
ari-OCTOPUS/ofn-node,chore/untrack-evidence-inbox-20260830,836f7bb1300d86d0fa6393ecaf12dbede6768521,false
ari-OCTOPUS/ofn-node,chore/untrack-runtime-artifacts-20260830,db6b0ec2d5124f593d19d23d16a49d4b8d5e27b5,false
ari-OCTOPUS/ofn-node,codex/executor-safety-20260915,e5c44850c4a4cd9e04030f96656b074a7bf8242b,false
ari-OCTOPUS/ofn-node,cursor/bc-6b341e92-ac14-42eb-ac6a-f54617c532af-fe8c,ff6d713a43131bff8b59715c77c88475efa43ca4,false
ari-OCTOPUS/ofn-node,cursor/d27-unlock-ea6b,54f04e5a57cdc8b6101bdc07c103dda9086fd8a8,false
ari-OCTOPUS/ofn-node,cursor/d28-edge-runbook-ea6b,f93019f6bb2c4db855b9e4a61d79911038274361,false
ari-OCTOPUS/ofn-node,cursor/event-envelope-local-crdt-3830,0bc6507ca1e41e14446d58ddaad113f6164001fc,false
ari-OCTOPUS/ofn-node,cursor/outbox-negatives-enqueue-6a56,0cf684d50b0ca1d746c23a43aedc02084642624d,false
ari-OCTOPUS/ofn-node,cursor/painting-public-lead-form-01b4,88f13c70dbcb84b6aa6e0fe20298861e0e968349,false
ari-OCTOPUS/ofn-node,cursor/pr-approval-agent-logic-a806,4ee1d65b544524a9f98c1514b1057fb4ebbb0673,false
ari-OCTOPUS/ofn-node,cursor/taskenvelope-system-hardening-8bfc,f8d28a74b77ee3d9007ac75c3d355d03d4e29ec6,false
ari-OCTOPUS/ofn-node,cursor/taskenvelope-system-hardening-c14b,b766bd54b303885ecd4b96ae8b8d1e73664cb9ca,false
ari-OCTOPUS/ofn-node,cursor/taskenvelope-system-hardening-de45,638aed236a659ab99d5224f3d681282fcb02ec6e,false
ari-OCTOPUS/ofn-node,discovery/138-body-map-20260828,56e936944deef210adc2ddb109a549abd1bceacc,false
ari-OCTOPUS/ofn-node,docs/acceptance-accepted,49547daf6e8520f60c4161dd911d9ede8a833edf,false
ari-OCTOPUS/ofn-node,docs/accounting-recovery-34-20260831,1fd573e07b71010205dfd861dc96e6b109babab2,false
ari-OCTOPUS/ofn-node,docs/adr-f2-counter-canonical,d30268a6ee2b9e12480b11f8309d35dfff9a134e,false
ari-OCTOPUS/ofn-node,docs/capability-world-fit-20260901,92226230941580b71d8b68370d2ab702d142eae7,false
ari-OCTOPUS/ofn-node,docs/deep-debug-final,26b94467536ff1a69c376065d8850ab919b2a637,false
ari-OCTOPUS/ofn-node,docs/ignition-receipt,221deab1ac337d91bce06e5217b5b8eeb5b5f172,false
ari-OCTOPUS/ofn-node,docs/lineage-map-20260831,b4e8061bad99dd23a5accc482d9eae1381d06ffc,false
ari-OCTOPUS/ofn-node,docs/local-architecture-map-20260903,2eee3ffbc8c2b8635236941e0243c7f063c180b5,false
ari-OCTOPUS/ofn-node,docs/market-final,368cb70f5cfeca789b4f9dfb6bc6a8895d730a02,false
ari-OCTOPUS/ofn-node,docs/megaprompts-owner-ask-20260831,625d1e9e0183bf04c37bd72a34370b5afa3152f8,false
ari-OCTOPUS/ofn-node,docs/octopus-os-incidents-20260902,bf46e4aabc690ee376d1aebb93caa7e6eeea78eb,false
ari-OCTOPUS/ofn-node,docs/octopus-os-pack-20260902,7337ddd9bcb5c337dc987b89ab6f995c23c7fe51,false
ari-OCTOPUS/ofn-node,docs/owner-queue-status-20260831,dcfc75c0e6b7e4875aa2ab6acff0265d03c79e16,false
ari-OCTOPUS/ofn-node,docs/protection-payload,c55efdd2d0a2f7efb42a30245e3165ef66b99354,false
ari-OCTOPUS/ofn-node,docs/round2-artifact,e42bce29410c5c5ebbb40f99e211da175d670e4f,false
ari-OCTOPUS/ofn-node,docs/s2b-decisions-20260901,2bb1dd8c2685e613d6928498942585abd02f17c4,false
ari-OCTOPUS/ofn-node,docs/s2b-receipt-backfill-20260901,19445fd971087eea91f66571821e638f417504ed,false
ari-OCTOPUS/ofn-node,docs/s6d08-and-market,a94a647e685522ea0f24f435322f0c593fc22e14,false
ari-OCTOPUS/ofn-node,docs/s6d10-s6d11,732e1770b3070cba8390f1edccd2d0f04a35fdf5,false
ari-OCTOPUS/ofn-node,docs/sanitize-lan-ips-20260902,00e9b9150e55e960880a5d6907bafb20a85184b3,false
ari-OCTOPUS/ofn-node,docs/sanitize-round2-20260902,32c212bbbcbcb7a6b9744e28e2050701451e3578,false
ari-OCTOPUS/ofn-node,docs/season-2026-0901,f1e537ed7a53032cec4f44ff4c3bb60392aa2122,false
ari-OCTOPUS/ofn-node,docs/season-concepts-20260903,0e8feeb5905720e93be91f8fd0aff6c4aa8db500,false
ari-OCTOPUS/ofn-node,docs/shipping-policy-20260904,f1bb9f89761b04191658a02e1657a3b9faca79ce,false
ari-OCTOPUS/ofn-node,docs/skill-business-legs-wiring-2026-09-03,dfc67e771f5f3796f4ee917193ebc4682752abda,false
ari-OCTOPUS/ofn-node,docs/waiver-rescope-addendum-20260902,64ccc9df6a62aacfa6e123a4fabead273cfbe1a4,false
ari-OCTOPUS/ofn-node,evidence/vault-scan-f-drive-20260902,6449b490be4987bffd6f63e3053330310949be45,false
ari-OCTOPUS/ofn-node,export/observatory-fixture-20260830,fa2a4c16e2915e82a374a079c8aff7f8f9109799,false
ari-OCTOPUS/ofn-node,export/octopus-a702-delta-20260901,a9959755f762ad8c0dffdfc3e2adfcd64bfc8696,false
ari-OCTOPUS/ofn-node,export/octopus-surgery-20260830,526613e2483f8cfe572cfd3f96ed57766690bb02,false
ari-OCTOPUS/ofn-node,export/octopus-surgery-20260830-193052,59ea2fb1fd6397a411f7135c4fe41d02a5f462a9,false
ari-OCTOPUS/ofn-node,export/outbox-item1-negatives,c5e5194995cf986315949e9d2bfd58935ebf5ca9,false
ari-OCTOPUS/ofn-node,export/outbox-item1-negatives-v2,9ff4591e3e881ffba5ff15b39fa398cae80af472,false
ari-OCTOPUS/ofn-node,export/restore-drill-20260830,805a0bae50cf3da21f1598748eb4adc43aa3c98a,false
ari-OCTOPUS/ofn-node,feat/110b-capability-token-20260903,eb5cb60c997a2f9ec9313459b4cba59d2025f2c6,false
ari-OCTOPUS/ofn-node,feat/add-woolworths-lead,3bbbb311518d60ae9cc329800c74e836e89d9b3c,false
ari-OCTOPUS/ofn-node,feat/autonomous-source-registry-20260903,a25301c607c4c1f11b6bf6bd562b1de21c84b9d3,false
ari-OCTOPUS/ofn-node,feat/board-doctor-20260903,36485bfcef31c38c62eeb155ff78d42f3a39f6b9,false
ari-OCTOPUS/ofn-node,feat/brainwake-structured-v2,289c2e9dedc169d30f0107a668d11c02d26c8c41,false
ari-OCTOPUS/ofn-node,feat/cognitive-wake-p3-20260904,790e2adbf004b82fedbd533fed935d0e1022efde,false
ari-OCTOPUS/ofn-node,feat/doctor-pulse-20260903,0a21bc3fd56b3583457de9760f41fbb32361907f,false
ari-OCTOPUS/ofn-node,feat/external-witness-20260903,e40b06d338c49c3b7b65c549b4916571c5cea533,false
ari-OCTOPUS/ofn-node,feat/f1-contract-20260903,8292804d2ba7acd47d001bb859b91f4b765c9de6,false
ari-OCTOPUS/ofn-node,feat/gap-066-brain-schema-20260904,63daee773fdb47e42f3a4ec61f20ff27085c34ae,false
ari-OCTOPUS/ofn-node,feat/gap-194-win-lf-20260904,06a2854425182619cf0ea53623ea6c21ff1324c0,false
ari-OCTOPUS/ofn-node,feat/glass-runner-20260903,e1eaf8ce01c21cc8e23eb354dc5abbc9e7e76416,false
ari-OCTOPUS/ofn-node,feat/gov-pack-20260903,a9c4169ebfaa70c657c68833c5c548e016220c51,false
ari-OCTOPUS/ofn-node,feat/halt-run-gate-chaos-20260902,788b76ecc0ef8b0f57d03bb68b6a46d499432510,false
ari-OCTOPUS/ofn-node,feat/leads-batch-13,ceff71d89bf3153cdf0d43ed49b96efb98d0ce61,false
ari-OCTOPUS/ofn-node,feat/leads-master-73,38b8c0b4400d70ba20affc8dfcb84ca15e0a638e,false
ari-OCTOPUS/ofn-node,feat/leads-sync-final,f50e480602bfec247122999388a0d1961db4bc92,false
ari-OCTOPUS/ofn-node,feat/learning-feeder-20260903,95c5f8d73fd2550a59cca91105e2e7abac305f92,false
ari-OCTOPUS/ofn-node,feat/m5-owner-release-20260904,c14ffd02a14496028e6d99f64522893e2ef79ccf,false
ari-OCTOPUS/ofn-node,feat/mega-index-20260903,6e996ab10952b61fee5a1cf4dca00d7364ef445b,false
ari-OCTOPUS/ofn-node,feat/owner-absent-20260903,3d3c82c3759566b35b83a4d8834d848a3beafd2b,false
ari-OCTOPUS/ofn-node,feat/p1-envelope-deadline-mint-20260902,77472613b904e5a5fc018c33a77a6b1632804ab9,false
ari-OCTOPUS/ofn-node,feat/p1-envelope-runstore-20260902,a77494bc2ca7b417b355c05f51f11f2606d186ef,false
ari-OCTOPUS/ofn-node,feat/p1-horizon-cutoff-20260904,2120dc4759c4146f27f15307360f4f83fd90ded4,false
ari-OCTOPUS/ofn-node,feat/p1-load-invariants-20260902,9b89db344900321d80f562f04b32667198b0ad9a,false
ari-OCTOPUS/ofn-node,feat/p1-phase-wall-20260902,8d5068d00098298b0597d632dceee0c7d8a0c641,false
ari-OCTOPUS/ofn-node,feat/p1-task-bind-20260904,fcbeac2ba054347afc2dd277b5927c33c4b40760,false
ari-OCTOPUS/ofn-node,feat/p1-version-compat-20260904,73cf9fefe011b06811359026af71d8c0052514c1,false
ari-OCTOPUS/ofn-node,feat/r0-revenue-spine-20260902,7f8c8dc64ca6b42aecde36ef70b6068b4135d792,false
ari-OCTOPUS/ofn-node,feat/register-strata-hub-source,e5c24537d76811c92728d284e86d615fa767b755,false
ari-OCTOPUS/ofn-node,feat/reply-queue-bridge-20260904,b396853f4af825c7d72504dba524028e3bfb5182,false
ari-OCTOPUS/ofn-node,feat/s2b-A-claim-adapter-20260901,b9e4024e721b391f6fa4fdc9df1cf7e2e31e68aa,false
ari-OCTOPUS/ofn-node,feat/s2b-B-store-hardening-20260901,c10bd7c76d5754e4502fa4915244f0a78fb0d470,false
ari-OCTOPUS/ofn-node,feat/s2b-C-verifier-reach-20260901,8f0df36ae84b743a51cc8979d0e18c4c3dffa927,false
ari-OCTOPUS/ofn-node,feat/s2b-claim-record-20260901,653a4d5b4c6a753e4c9f839ff8f8d3197728dfcf,false
ari-OCTOPUS/ofn-node,feat/shopify-connector-register-20260904,f803e567e4830f7b88a973ffbbf52a6d8734e5cf,false
ari-OCTOPUS/ofn-node,feat/survival-loop-shadow,0d086f199472f5771c40cd799a12bc22609cf28c,false
ari-OCTOPUS/ofn-node,feat/survival-telegram-bridge,684b103bbce9e79ff30fb1c0a58b2d811107c346,false
ari-OCTOPUS/ofn-node,feat/telegram-glass-20260903,75e09c61ec139157292e707c33622130df06011f,false
ari-OCTOPUS/ofn-node,feat/vault-witness-20260903,dd77576c2cbfce827a11968c64bee2071e2cdf24,false
ari-OCTOPUS/ofn-node,feat/ziman-browser-harvester-20260903,8873a0e626b0dc29b80ec8b039979e82eb7e1e28,false
ari-OCTOPUS/ofn-node,feature/b2b-discovery-cleanup,107aa80a2a3dc8d5070ae31d0b5b8f58e8eda8d4,false
ari-OCTOPUS/ofn-node,feature/call-log,a286b6bf2452079300eb770063afde398756a637,false
ari-OCTOPUS/ofn-node,feature/digest-mobile-priority,533f2aeb29905b9b27e7158f3bc267b779c9102f,false
ari-OCTOPUS/ofn-node,feature/j-draft,951bfb954ddc4720851d5f000b113bb1b1da9127,false
ari-OCTOPUS/ofn-node,feature/log-outcome,5fd3ee173f988d0c28572f196f3315b167ceef57,false
ari-OCTOPUS/ofn-node,fix/accounts-100-cap,d599fc61e8192dacea8090379b83767b422b3e86,false
ari-OCTOPUS/ofn-node,fix/buysw-bridge-v03,2aac8f3312e9f144f999c4023a915143a65f1a16,false
ari-OCTOPUS/ofn-node,fix/contradiction-scan,66c62281b3f31497da3813c92576cbe5ee919c59,false
ari-OCTOPUS/ofn-node,fix/d0-blocked-hygiene,f692fa5c83d07b4bf76e523961097ffe289a0720,false
ari-OCTOPUS/ofn-node,fix/debug-sweep-20260904,db811e22cd1b268234ffe5d13f29151eef045fe5,false
ari-OCTOPUS/ofn-node,fix/deep-scan-3fixes,ba67156318c5dc50a105818c8d026a74e5e92b75,false
ari-OCTOPUS/ofn-node,fix/demand-harvest,864a40534ae498d5ff9846eef42a52ed5f5356e2,false
ari-OCTOPUS/ofn-node,fix/digest-direct-variants,704a5f6ae8e9964cd3d9e2c73d136f748b6053ed,false
ari-OCTOPUS/ofn-node,fix/doctor-oneshot-classification-20260903,537171c4482af2bada2d4b47ef413a76eccb2ea3,false
ari-OCTOPUS/ofn-node,fix/doctor-pulse-precision-20260903,0c788099cc5db9b1ee24b9c6324acd4de44e5a3c,false
ari-OCTOPUS/ofn-node,fix/economy-bugbot-3-20260903,efc47ab83f721f73235e432f2a44389fd7ad9cfb,false
ari-OCTOPUS/ofn-node,fix/enrichment-bugs-and-digest-regex,effc8308b6a8cdf357e385eec3c6cb0f16405bb1,false
ari-OCTOPUS/ofn-node,fix/env-independent-tests-20260903,10de2e13f589be56a3d2afba54d79ea9e68133f4,false
ari-OCTOPUS/ofn-node,fix/gate-not-applicable-neutral-20260903,1507461c1dfde0d14b21f9ecc33740eb61cc972c,false
ari-OCTOPUS/ofn-node,fix/heartbeat-live-cap-display-20260903,4e429034c1bf117832bce3997febb68baf3ac7b8,false
ari-OCTOPUS/ofn-node,fix/migration-collision-guard,31f17206b29b60b86d9d8f44905eb67d9e83d143,false
ari-OCTOPUS/ofn-node,fix/opslib-import-boundary,5e3254f77d69b0b203d117c6133731a886bd273d,false
ari-OCTOPUS/ofn-node,fix/outbox-hardening,c03ed2891c1315406b99d3bea8ec2b52ae44912c,false
ari-OCTOPUS/ofn-node,fix/outbox-lossless-guard,b0ca4b8e5b93f91bc7bd2f633b1cd874951de735,false
ari-OCTOPUS/ofn-node,fix/r0-heartbeat-dep-20260903,65eefbd84d1410c6b28becac42a5e902c354ede1,false
ari-OCTOPUS/ofn-node,fix/r0-quote-closure-20260903,fb909887bffe6c507d50cba2e54ce8a18aefb331,false
ari-OCTOPUS/ofn-node,fix/remove-inert-wire-flag-20260903,50fcd669eb55fdfed973d11ea6c711fc97162f24,false
ari-OCTOPUS/ofn-node,fix/s2b-ci-and-fixture,4c8dbc75266ae42123be8418e92258e8b6e06ccd,false
ari-OCTOPUS/ofn-node,fix/self-model-real-services-20260903,713918665dc1340ba138a7d279218099c5d90a8c,false
ari-OCTOPUS/ofn-node,gov/v4-independence-codeowners-20260902,56e068c79238a2c507340886d963906563242222,false
ari-OCTOPUS/ofn-node,gov/v6-two-reviewer-rule-20260903,f7ff2ddad44aeea07562a6c4d6fe761fcf9e9716,false
ari-OCTOPUS/ofn-node,governance/independent-review-gate,b283ae7180d170e908e36bdfe52ccd8e55444a26,false
ari-OCTOPUS/ofn-node,hygiene/agent-context-phase1-20260831,d9cf5c9d790ccbe62835413d4c3b4a5836de2546,false
ari-OCTOPUS/ofn-node,hygiene/audit-20260831,14357e7affa3b4dbd574c21bddc88f54a2060733,false
ari-OCTOPUS/ofn-node,integration/owner-brain-p0-plus-win-20260831,26ed609003c8276f73343694e6f883f9a562a1d4,false
ari-OCTOPUS/ofn-node,landing/release-p0-20260902,2c5b99baa6dd2f0e39d564eec5f9f1d1a4636887,false
ari-OCTOPUS/ofn-node,lane/economic-learning-loop,9237ccfe5696c390e65b58b10ec0f784b11ec972,false
ari-OCTOPUS/ofn-node,lane/self-awareness,f255856eb84f453acdb93bae171d169dc847d5af,false
ari-OCTOPUS/ofn-node,lane/self-awareness-webviewer,2b6311cbf1e6e1b0329d6ccb3aed8c4a4a1095e6,false
ari-OCTOPUS/ofn-node,lane/self-completing-doctor,44129564c46a42ba7a21d2886d2eeb6a65b4c119,false
ari-OCTOPUS/ofn-node,main,dba9971a802653b4f56a1194da49e49551e04c54,true(ruleset:protect-main)
ari-OCTOPUS/ofn-node,octopus/reconcile-138-20260827,d3fb20c14179ee8572612beda715f8339b0fdcbd,false
ari-OCTOPUS/ofn-node,ofn-v1.0-three-business-owner-center,859edfc8433cfd6f8abec448794f31e12b96df44,false
ari-OCTOPUS/ofn-node,ofn/board-snapshot-20260816,32a81d034acb833b22204d969bf41ce2870b1d05,false
ari-OCTOPUS/ofn-node,ofn/cockpit-v2-20260827,6070f519b94de93b6cc94671d7fbfb7f0c8f2333,false
ari-OCTOPUS/ofn-node,ofn/evolve-20260826-anatomy-180,36e579ef10206cd578b6b5060e7c860b18a48126,false
ari-OCTOPUS/ofn-node,ofn/heartbeat,caf5e70057a2a8c9148366ca33479c3cdb4e7949,false
ari-OCTOPUS/ofn-node,ofn/wire,3ad3c07a7ec417b964ffa5cc4355299caffc717c,false
ari-OCTOPUS/ofn-node,port/110b-send-path-tests-20260917,92ab548a8447c1ab2086d71dee567424150fb0ff,false
ari-OCTOPUS/ofn-node,receipts/durability-snapshot-20260916,503515b611fe3fa7575e4f9add34c47d2b337693,false
ari-OCTOPUS/ofn-node,release/p0,d2f805fc514f90e740bb39f5e0a8631538f6c47f,false
ari-OCTOPUS/ofn-node,repair/ziman-cycle-4-readiness,0fe56ca4dcd4f6474c6f0e77154d162d4a97d339,false
ari-OCTOPUS/ofn-node,rescue/main-board-integ-20260904,a9ee26fa351f3098bcd3ba72ef0c5186121214e3,false
ari-OCTOPUS/ofn-node,rescue/octopus-live-tree-20260821,4dcaa821c945d2ede9c8be951fe01c690a68c5f2,false
ari-OCTOPUS/ofn-node,rescue/wo-align-20260906,c7e664621fa5fde5165d3334aa49a2761e9d0f8a,false
ari-OCTOPUS/ofn-node,revert/pr6-if-owner-ratifies,082322a1891194c99900cfe1672f14b576461727,false
ari-OCTOPUS/ofn-node,rootfix/phase1-rca-20260916,bb286c028e2c495ef86097363309e264b61ce53a,false
ari-OCTOPUS/ofn-node,test/raw-key-t1t2t3,87425b89ab07494ab0200b4be4671b35ba867b1e,false
ari-OCTOPUS/ofn-node,tools/rotate-all-20260902,8377224e29334bc37ab239a3043e21f4c81998d3,false
ari-OCTOPUS/ofn-node,work/board182-test-discovery-init,0e43f041f99b55484cdd4c5a1c2b204597e1dbb4,false
ari-OCTOPUS/ofn-node,work/r1-portability,456562449c2ef2e41d2b80297889179082994780,false
ari-OCTOPUS/ofn-node,work/truth-record-20260830,ebf8b7e89b68f8d2026b5612f48c35f1cb84e88d,false
ari-OCTOPUS/Armin,audit/cursor-20260828,f4ac5a5a3153e211df9fdb0af28eb83a3003d4ca,false
ari-OCTOPUS/Armin,audit/zcode-20260828,229c1e8075fbcaae759b014c52dbaf097e7e45e7,false
ari-OCTOPUS/Armin,main,4193de1fd1160a2f082b3ed2ec457c00f9bbf4f3,true(ruleset:protect-main)
ari-OCTOPUS/langar,audit/cursor-20260828,9e83fd61b72404ea8a07dccb092fcd5b9829aa67,false
ari-OCTOPUS/langar,audit/zcode-20260828,4dea0e3858b41244f3374fbe94fab7c747b2f509,false
ari-OCTOPUS/langar,main,ec039bb7cd79eb96096bf87080e625ef0b3904f5,true(ruleset:protect-main)
ari-OCTOPUS/vbaa-patches,main,16d3bff320a9bb0a4b27c221f559a8e235cec177,true(ruleset:protect-main)
ari-OCTOPUS/vbaa-patches,vbaa/argument-provenance-guard,fe2941befb8e578341cb53dfe1d39c30927f9c95,false
ari-OCTOPUS/vbaa-patches,vbaa/artifact-admission,1bed67964e27d80a5a1e14d8fd882cc3d0e8eef1,false
ari-OCTOPUS/vbaa-patches,vbaa/executor-handle-firewall,2c004abfcd1335312307620f14f0c42515ae3773,false
