txn_id,date,stmt,desc_full,withdrawal,deposit,balance,category_draft,scope,confidence,gst_candidate,flags,needs_human_review
ANZ-BE-537c99451cbc,2024-03-21,4,VISA DEBIT PURCHASE CARD 5746 | 7-ELEVEN 2025 NORTH ROCKS | EFFECTIVE DATE 19 MAR 2024,107.64,0.0,2669.57,Fuel,business,0.7,9.79,,False
ANZ-BE-314dcf290c16,2024-03-21,4,EFTPOS | ASTEC PAINTS AUST ALEXANDRIA NSWAU,384.29,0.0,2285.28,Materials-Tools,business,0.8,34.94,,False
ANZ-BE-398c9c00bcf4,2024-03-25,4,ANZ MOBILE BANKING PAYMENT 581694 | TO ARMIN MOHEBIAFZAP | EFFECTIVE DATE 23 MAR 2024,500.0,0.0,1785.28,Associate-Payment,[OPEN],0.7,0.0,ASSOCIATE:Armin;DIV7A-CANDIDATE,True
ANZ-BE-b1a65481cf1e,2024-03-26,4,ANZ MOBILE BANKING PAYMENT 088730 | TO ARMIN MOHEBIAFZAP,100.0,0.0,1685.28,Associate-Payment,[OPEN],0.7,0.0,ASSOCIATE:Armin;DIV7A-CANDIDATE,True
ANZ-BE-0047cdc2e66a,2024-03-26,4,ANZ MOBILE BANKING PAYMENT 583363 | TO ARMIN MOHEBIAFZAP,150.0,0.0,1535.28,Associate-Payment,[OPEN],0.7,0.0,ASSOCIATE:Armin;DIV7A-CANDIDATE,True
ANZ-BE-efb9333410e8,2024-03-26,4,ANZ MOBILE BANKING PAYMENT 746999 | TO ARMIN MOHEBIAFZAP,400.0,0.0,1135.28,Associate-Payment,[OPEN],0.7,0.0,ASSOCIATE:Armin;DIV7A-CANDIDATE,True
ANZ-BE-7bead8d82347,2024-03-27,4,ANZ MOBILE BANKING PAYMENT 062502 | TO ARMIN MOHEBIAFZAP,200.0,0.0,935.28,Associate-Payment,[OPEN],0.7,0.0,ASSOCIATE:Armin;DIV7A-CANDIDATE,True
ANZ-BE-6ef45a0cfab1,2024-03-28,4,VISA DEBIT PURCHASE CARD 5746 | COLES EXPRESS 1639 BAULKHAM H | EFFECTIVE DATE 26 MAR 2024,110.41,0.0,824.87,Fuel,business,0.7,10.04,,False
ANZ-BE-af3fe96aef35,2024-04-02,4,PAYMENT FROM SCHONBERGER | INV 22 40% | EFFECTIVE DATE 01 APR 2024,0.0,9460.0,10284.87,Income-Candidate,business,0.55,0.0,,True
ANZ-BE-64a8a265a197,2024-04-02,4,ANZ MOBILE BANKING PAYMENT 139859 | TO ARMIN MOHEBIAFZAP | EFFECTIVE DATE 29 MAR 2024,150.0,0.0,10134.87,Associate-Payment,[OPEN],0.7,0.0,ASSOCIATE:Armin;DIV7A-CANDIDATE,True
ANZ-BE-ba0dcd18960a,2024-04-02,4,ANZ MOBILE BANKING PAYMENT 206793 | TO ARMIN MOHEBIAFZAP | EFFECTIVE DATE 30 MAR 2024,670.0,0.0,9464.87,Associate-Payment,[OPEN],0.7,0.0,ASSOCIATE:Armin;DIV7A-CANDIDATE,True
ANZ-BE-840be53a709a,2024-04-02,4,ANZ MOBILE BANKING PAYMENT 908897 | TO ARMIN MOHEBIAFZAP,1173.0,0.0,8291.87,Associate-Payment,[OPEN],0.7,0.0,ASSOCIATE:Armin;DIV7A-CANDIDATE,True
ANZ-BE-b1e61b4e660a,2024-04-03,4,ANZ MOBILE BANKING PAYMENT 405863 | TO ARMIN MOHEBIAFZAP,50.0,0.0,8241.87,Associate-Payment,[OPEN],0.7,0.0,ASSOCIATE:Armin;DIV7A-CANDIDATE,True
ANZ-BE-bdd663851062,2024-04-03,4,ANZ MOBILE BANKING PAYMENT 407124 | TO ARMIN MOHEBIAFZAP,500.0,0.0,7741.87,Associate-Payment,[OPEN],0.7,0.0,ASSOCIATE:Armin;DIV7A-CANDIDATE,True
ANZ-BE-57b08f0da702,2024-04-04,4,VISA DEBIT PURCHASE CARD 5746 | GOOGLE ADS7165786750 SYDNEY | EFFECTIVE DATE 02 APR 2024,97.29,0.0,7644.58,Software-Subscriptions,business,0.6,8.84,,True
ANZ-BE-e5d7646a95fc,2024-04-04,4,ANZ MOBILE BANKING PAYMENT 160491 | TO ARMIN MOHEBIAFZAP,600.0,0.0,7044.58,Associate-Payment,[OPEN],0.7,0.0,ASSOCIATE:Armin;DIV7A-CANDIDATE,True
ANZ-BE-433634a4821b,2024-04-05,4,ANZ MOBILE BANKING PAYMENT 380416 | TO ARMIN MOHEBIAFZAP,20.0,0.0,7024.58,Associate-Payment,[OPEN],0.7,0.0,ASSOCIATE:Armin;DIV7A-CANDIDATE,True
ANZ-BE-3a8c1122881c,2024-04-05,4,ANZ MOBILE BANKING PAYMENT 600546 | TO ARMIN MOHEBIAFZAP,35.0,0.0,6989.58,Associate-Payment,[OPEN],0.7,0.0,ASSOCIATE:Armin;DIV7A-CANDIDATE,True
ANZ-BE-889748af6844,2024-04-05,4,ANZ MOBILE BANKING PAYMENT 619003 | TO ARMIN MOHEBIAFZAP,1000.0,0.0,5989.58,Associate-Payment,[OPEN],0.7,0.0,ASSOCIATE:Armin;DIV7A-CANDIDATE,True
ANZ-BE-0e4eabd6d4fe,2024-04-08,4,ANZ MOBILE BANKING PAYMENT 106180 | TO ARMIN MOHEBIAFZAP | EFFECTIVE DATE 07 APR 2024,35.0,0.0,5954.58,Associate-Payment,[OPEN],0.7,0.0,ASSOCIATE:Armin;DIV7A-CANDIDATE,True
ANZ-BE-addb5449fe28,2024-04-08,4,VISA DEBIT PURCHASE CARD 5746 | EG GROUP/41-45 THIRD AVE BLACKTOWN | EFFECTIVE DATE 06 APR 2024,94.92,0.0,5859.66,Fuel,business,0.7,8.63,,False
ANZ-BE-8627d9990e3a,2024-04-08,4,ANZ MOBILE BANKING PAYMENT 277967 | TO ARMIN MOHEBIAFZAP | EFFECTIVE DATE 06 APR 2024,100.0,0.0,5759.66,Associate-Payment,[OPEN],0.7,0.0,ASSOCIATE:Armin;DIV7A-CANDIDATE,True
ANZ-BE-85e0865e1a7e,2024-04-08,4,VISA DEBIT PURCHASE CARD 5746 | 7-ELEVEN 2025 NORTH ROCKS | EFFECTIVE DATE 05 APR 2024,102.45,0.0,5657.21,Fuel,business,0.7,9.31,,False
ANZ-BE-6558d64f53b6,2024-04-08,4,ANZ MOBILE BANKING PAYMENT 668260 | TO ARMIN MOHEBIAFZAP | EFFECTIVE DATE 06 APR 2024,200.0,0.0,5457.21,Associate-Payment,[OPEN],0.7,0.0,ASSOCIATE:Armin;DIV7A-CANDIDATE,True
ANZ-BE-635fddc6171d,2024-04-08,4,ANZ MOBILE BANKING PAYMENT 711905 | TO ARMIN MOHEBIAFZAP,250.0,0.0,5207.21,Associate-Payment,[OPEN],0.7,0.0,ASSOCIATE:Armin;DIV7A-CANDIDATE,True
ANZ-BE-42e0a4e35258,2024-04-08,4,ANZ MOBILE BANKING PAYMENT 919502 | TO ARMIN MOHEBIAFZAP | EFFECTIVE DATE 07 APR 2024,400.0,0.0,4807.21,Associate-Payment,[OPEN],0.7,0.0,ASSOCIATE:Armin;DIV7A-CANDIDATE,True
ANZ-BE-b8ba3678d7b0,2024-04-10,4,VISA DEBIT PURCHASE CARD 5746 | BUNNINGS 339000 CASTLE HILL | EFFECTIVE DATE 07 APR 2024,104.55,0.0,4702.66,Materials-Tools,business,0.8,9.5,,False
ANZ-BE-7893dcdb3b87,2024-04-11,4,VISA DEBIT PURCHASE CARD 5746 | DULUX CASTLE HILL CASTLE HILL | EFFECTIVE DATE 06 APR 2024,27.0,0.0,4675.66,Materials-Tools,business,0.8,2.45,,False
ANZ-BE-cc12a76203c6,2024-04-11,4,VISA DEBIT PURCHASE CARD 5746 | 7-ELEVEN 2254 NORTH RYDE | EFFECTIVE DATE 09 APR 2024,99.25,0.0,4576.41,Fuel,business,0.7,9.02,,False
ANZ-BE-42ce32b76e41,2024-04-11,4,EFTPOS | ASTEC PAINTS AUST ALEXANDRIA NSWAU,193.46,0.0,4382.95,Materials-Tools,business,0.8,17.59,,False
ANZ-BE-3be1f18ac452,2024-04-12,4,ANZ MOBILE BANKING PAYMENT 900343 | TO ARMIN MOHEBIAFZAP,500.0,0.0,3882.95,Associate-Payment,[OPEN],0.7,0.0,ASSOCIATE:Armin;DIV7A-CANDIDATE,True
ANZ-BE-c8281029cc86,2024-04-15,4,ANZ MOBILE BANKING PAYMENT 358557 | TO ARMIN MOHEBIAFZAP | EFFECTIVE DATE 14 APR 2024,30.0,0.0,3852.95,Associate-Payment,[OPEN],0.7,0.0,ASSOCIATE:Armin;DIV7A-CANDIDATE,True
ANZ-BE-da7f9f56614a,2024-04-15,4,ANZ MOBILE BANKING PAYMENT 726883 | TO ARMIN MOHEBIAFZAP,50.0,0.0,3802.95,Associate-Payment,[OPEN],0.7,0.0,ASSOCIATE:Armin;DIV7A-CANDIDATE,True
ANZ-BE-9ff6c19b445f,2024-04-15,4,VISA DEBIT PURCHASE CARD 5746 | 7-ELEVEN 2219 EPPING | EFFECTIVE DATE 13 APR 2024,60.18,0.0,3742.77,Fuel,business,0.7,5.47,,False
ANZ-BE-a77532752820,2024-04-15,4,VISA DEBIT PURCHASE CARD 5746 | SYDNEY-TEHRAN GROUP PL DURAL | EFFECTIVE DATE 12 APR 2024,118.44,0.0,3624.33,Misc,[OPEN],0.3,0.0,,True
ANZ-BE-ced0c3fe5d6c,2024-04-15,4,ANZ MOBILE BANKING PAYMENT 673635 | TO ARMIN MOHEBIAFZAP | EFFECTIVE DATE 13 APR 2024,200.0,0.0,3424.33,Associate-Payment,[OPEN],0.7,0.0,ASSOCIATE:Armin;DIV7A-CANDIDATE,True
ANZ-BE-403e5ec83724,2024-04-15,4,ANZ MOBILE BANKING PAYMENT 142437 | TO ARMIN MOHEBIAFZAP,1220.0,0.0,2204.33,Associate-Payment,[OPEN],0.7,0.0,ASSOCIATE:Armin;DIV7A-CANDIDATE,True
ANZ-BE-bcebc3fa842e,2024-04-15,4,VISA DEBIT PURCHASE CARD 5746 | SYDNEY-TEHRAN GROUP PL DURAL | EFFECTIVE DATE 12 APR 2024,2113.31,0.0,91.02,Misc,[OPEN],0.3,0.0,,True
ANZ-BE-609c9fd75165,2024-04-16,4,PAYMENT FROM SCHONBERGER | INV 23 BALANCE,0.0,7695.0,7786.02,Income-Candidate,business,0.55,0.0,,True
ANZ-BE-8bda9d34d586,2024-04-16,4,PAYMENT | TO XEROAUSTRALIAPTY XEROAUINV_PVMME33D,16.0,0.0,7770.02,Software-Subscriptions,business,0.6,1.45,,True
ANZ-BE-3034d750fc61,2024-04-17,4,EFTPOS | COLES EXPRESS 1587 NORTHMEAD AU,50.17,0.0,7719.85,Fuel,business,0.7,4.56,,False
ANZ-BE-ebae936dba64,2024-04-18,4,VISA DEBIT PURCHASE CARD 5746 | DULUX CASTLE HILL CASTLE HILL | EFFECTIVE DATE 13 APR 2024,72.5,0.0,7647.35,Materials-Tools,business,0.8,6.59,,False
ANZ-BE-ffe7d0e7ddce,2024-04-19,4,EFTPOS | INSP PAINT CHATSWOOD CHATSWOOD AU,48.6,0.0,7598.75,Materials-Tools,business,0.8,4.42,,False
ANZ-BE-4fee19c81a1f,2024-04-19,4,ANZ MOBILE BANKING PAYMENT 863736 | TO ARMIN MOHEBIAFZAP,500.0,0.0,7098.75,Associate-Payment,[OPEN],0.7,0.0,ASSOCIATE:Armin;DIV7A-CANDIDATE,True
ANZ-BE-4479aa832708,2024-07-25,8,PAYMENT | TO TRANSPORT FOR NS ETOLL3825523745,25.0,0.0,-24.42,Vehicle-Tolls,business,0.8,2.27,,False
ANZ-BE-dc699c099310,2024-07-26,8,PAYMENT FROM ARMIN MOHEBIAFZAL,0.0,25.0,0.58,Associate-Inflow,[OPEN],0.6,0.0,ASSOCIATE:Armin,True
ANZ-BE-812281f50822,2024-07-26,8,PAYMENT FROM ARMIN MOHEBIAFZAL,0.0,25.0,25.58,Associate-Inflow,[OPEN],0.6,0.0,ASSOCIATE:Armin,True
ANZ-BE-702a2b808462,2024-07-26,8,PAYMENT | TO TRANSPORT FOR NS ETOLL3826481103,25.0,0.0,0.58,Vehicle-Tolls,business,0.8,2.27,,False
ANZ-BE-2d6da07b33c6,2024-07-29,8,PAYMENT | TO TRANSPORT FOR NS ETOLL3828476540,25.0,0.0,-24.42,Vehicle-Tolls,business,0.8,2.27,,False
ANZ-BE-6243244dc3f4,2024-07-30,8,PAYMENT FROM REZA MASHHOORI,0.0,5250.0,5225.58,Income-Candidate,business,0.55,0.0,REZA-IDENTITY(OQ7),True
ANZ-BE-16ced6ed37e1,2024-07-30,8,ANZ MOBILE BANKING PAYMENT 250312 | TO ARMIN MOHEBIAFZAP,600.0,0.0,4625.58,Associate-Payment,[OPEN],0.7,0.0,ASSOCIATE:Armin;DIV7A-CANDIDATE,True
ANZ-BE-1f30fff4f154,2024-07-30,8,ANZ MOBILE BANKING PAYMENT 040331 | TO ARMIN MOHEBIAFZAP,1350.0,0.0,3275.58,Associate-Payment,[OPEN],0.7,0.0,ASSOCIATE:Armin;DIV7A-CANDIDATE,True
ANZ-BE-a5281ee3309b,2024-07-31,8,PAYMENT | TO TRANSPORT FOR NS ETOLL3830193427,25.0,0.0,3250.58,Vehicle-Tolls,business,0.8,2.27,,False
ANZ-BE-08e79ef7332e,2024-07-31,8,VISA DEBIT PURCHASE CARD 5746 | 7-ELEVEN 2219 EPPING | EFFECTIVE DATE 29 JUL 2024,43.0,0.0,3207.58,Fuel,business,0.7,3.91,,False
ANZ-BE-3ea633544850,2024-07-31,8,ANZ MOBILE BANKING PAYMENT 974401 | TO ARMIN MOHEBIAFZAP,580.0,0.0,2627.58,Associate-Payment,[OPEN],0.7,0.0,ASSOCIATE:Armin;DIV7A-CANDIDATE,True
ANZ-BE-bf1632808b88,2024-07-31,8,ANZ MOBILE BANKING PAYMENT 973585 | TO ARMIN MOHEBIAFZAP,600.0,0.0,2027.58,Associate-Payment,[OPEN],0.7,0.0,ASSOCIATE:Armin;DIV7A-CANDIDATE,True
ANZ-BE-412f2d05bc23,2024-07-31,8,DEBIT INTEREST CHARGED,0.18,0.0,2027.4,Bank-Interest-Fees,business,0.85,0.0,,False
ANZ-BE-bf8aa81eda58,2024-08-01,8,EFTPOS | COLES EXPRESS 1639 BAULKHAM H AU,123.01,0.0,1904.39,Fuel,business,0.7,11.18,,False
ANZ-BE-0d82035b0e34,2024-08-01,8,VISA DEBIT PURCHASE CARD 5746 | CASTLE HILL PAINT GA CASTLE HILL | EFFECTIVE DATE 30 JUL 2024,468.52,0.0,1435.87,Materials-Tools,business,0.8,42.59,,False
ANZ-BE-0f52d7312714,2024-08-05,8,ANZ MOBILE BANKING PAYMENT 741096 | TO ARMIN MOHEBIAFZAP | EFFECTIVE DATE 04 AUG 2024,50.0,0.0,1385.87,Associate-Payment,[OPEN],0.7,0.0,ASSOCIATE:Armin;DIV7A-CANDIDATE,True
ANZ-BE-dda04aceb2c6,2024-08-05,8,VISA DEBIT PURCHASE CARD 5746 | BUNNINGS 579000 NARRABEEN | EFFECTIVE DATE 01 AUG 2024,53.96,0.0,1331.91,Materials-Tools,business,0.8,4.91,,False
ANZ-BE-85a7d215af5e,2024-08-06,8,ANZ MOBILE BANKING PAYMENT 819805 | TO ARMIN MOHEBIAFZAP,60.0,0.0,1271.91,Associate-Payment,[OPEN],0.7,0.0,ASSOCIATE:Armin;DIV7A-CANDIDATE,True
ANZ-BE-ecf0c53d0534,2024-08-07,8,ANZ MOBILE BANKING PAYMENT 928936 | TO ARMIN MOHEBIAFZAP,1000.0,0.0,271.91,Associate-Payment,[OPEN],0.7,0.0,ASSOCIATE:Armin;DIV7A-CANDIDATE,True
ANZ-BE-7f1129d6f26c,2024-08-09,8,PAYMENT FROM MOMENTUM PROJECT GROUP PTY | MP DESIGN PTY LTD,0.0,9350.0,9621.91,Income-Candidate,business,0.55,0.0,,True
ANZ-BE-a3d7a69c0a5c,2024-08-09,8,ANZ MOBILE BANKING PAYMENT 281384 | TO ARMIN MOHEBIAFZAP,69.0,0.0,9552.91,Associate-Payment,[OPEN],0.7,0.0,ASSOCIATE:Armin;DIV7A-CANDIDATE,True
ANZ-BE-a3426f5ed72f,2024-08-09,8,VISA DEBIT PURCHASE CARD 5746 | BP NORTH ROCKS NORTH ROCKS | EFFECTIVE DATE 06 AUG 2024,102.82,0.0,9450.09,Fuel,business,0.7,9.35,,False
ANZ-BE-979f762ab4a8,2024-08-09,8,ANZ MOBILE BANKING PAYMENT 088103 | TO ARMIN MOHEBIAFZAP,600.0,0.0,8850.09,Associate-Payment,[OPEN],0.7,0.0,ASSOCIATE:Armin;DIV7A-CANDIDATE,True
ANZ-BE-191165ace546,2024-08-12,8,VISA DEBIT PURCHASE CARD 5746 | 7-ELEVEN 2025 NORTH ROCKS | EFFECTIVE DATE 10 AUG 2024,106.56,0.0,8743.53,Fuel,business,0.7,9.69,,False
ANZ-BE-6949a4a5647b,2024-08-12,8,ANZ MOBILE BANKING PAYMENT 235131 | TO ARMIN MOHEBIAFZAP | EFFECTIVE DATE 10 AUG 2024,400.0,0.0,8343.53,Associate-Payment,[OPEN],0.7,0.0,ASSOCIATE:Armin;DIV7A-CANDIDATE,True
ANZ-BE-214d85680b87,2024-08-12,8,ANZ MOBILE BANKING PAYMENT 936678 | TO ARMIN MOHEBIAFZAP,700.0,0.0,7643.53,Associate-Payment,[OPEN],0.7,0.0,ASSOCIATE:Armin;DIV7A-CANDIDATE,True
ANZ-BE-59968b1eb807,2024-08-12,8,ANZ MOBILE BANKING PAYMENT 217281 | TO ARMIN MOHEBIAFZAP | EFFECTIVE DATE 10 AUG 2024,1280.0,0.0,6363.53,Associate-Payment,[OPEN],0.7,0.0,ASSOCIATE:Armin;DIV7A-CANDIDATE,True
ANZ-BE-450ff0d3ce3c,2024-08-13,8,VISA DEBIT PURCHASE CARD 5746 | 7-ELEVEN 2205 WEST PENNANT | EFFECTIVE DATE 11 AUG 2024,78.84,0.0,6284.69,Fuel,business,0.7,7.17,,False
ANZ-BE-cb4ddbae83fd,2024-08-13,8,ANZ MOBILE BANKING PAYMENT 795637 | TO ARMIN MOHEBIAFZAP,290.0,0.0,5994.69,Associate-Payment,[OPEN],0.7,0.0,ASSOCIATE:Armin;DIV7A-CANDIDATE,True
ANZ-BE-15cf9ea484c1,2024-08-15,8,ANZ MOBILE BANKING PAYMENT 177290 | TO ARMIN MOHEBIAFZAP,80.0,0.0,5914.69,Associate-Payment,[OPEN],0.7,0.0,ASSOCIATE:Armin;DIV7A-CANDIDATE,True
ANZ-BE-d0e878878e16,2024-08-15,8,EFTPOS | COLES EXPRESS 1639 BAULKHAM H AU,114.66,0.0,5800.03,Fuel,business,0.7,10.42,,False
ANZ-BE-2548e3932b5a,2024-08-15,8,ANZ MOBILE BANKING PAYMENT 279375 | TO ARMIN MOHEBIAFZAP,220.0,0.0,5580.03,Associate-Payment,[OPEN],0.7,0.0,ASSOCIATE:Armin;DIV7A-CANDIDATE,True
ANZ-BE-5116074232d8,2024-08-15,8,ANZ MOBILE BANKING PAYMENT 410326 | TO ARMIN MOHEBIAFZAP,380.0,0.0,5200.03,Associate-Payment,[OPEN],0.7,0.0,ASSOCIATE:Armin;DIV7A-CANDIDATE,True
ANZ-BE-5aed4eebe1c8,2024-08-16,8,ANZ MOBILE BANKING PAYMENT 779805 | TO ARMIN MOHEBIAFZAP,10.0,0.0,5190.03,Associate-Payment,[OPEN],0.7,0.0,ASSOCIATE:Armin;DIV7A-CANDIDATE,True
ANZ-BE-0cc3e8330fe4,2024-08-16,8,ANZ MOBILE BANKING PAYMENT 901395 | TO ARMIN MOHEBIAFZAP,20.0,0.0,5170.03,Associate-Payment,[OPEN],0.7,0.0,ASSOCIATE:Armin;DIV7A-CANDIDATE,True
ANZ-BE-87abb0b16170,2024-08-16,8,PAYMENT | TO XEROAUSTRALIAPTY XEROAUINV_QFUYPSB3,35.0,0.0,5135.03,Software-Subscriptions,business,0.6,3.18,,True
ANZ-BE-6e81f9eb25d7,2024-08-19,8,ANZ MOBILE BANKING PAYMENT 548198 | TO ARMIN MOHEBIAFZAP | EFFECTIVE DATE 17 AUG 2024,20.0,0.0,5115.03,Associate-Payment,[OPEN],0.7,0.0,ASSOCIATE:Armin;DIV7A-CANDIDATE,True
ANZ-BE-03457cf549e8,2024-08-19,8,ANZ MOBILE BANKING PAYMENT 836560 | TO ARMIN MOHEBIAFZAP | EFFECTIVE DATE 18 AUG 2024,100.0,0.0,5015.03,Associate-Payment,[OPEN],0.7,0.0,ASSOCIATE:Armin;DIV7A-CANDIDATE,True
ANZ-BE-791aee3e86c0,2024-08-19,8,ANZ MOBILE BANKING PAYMENT 925852 | TO ARMIN MOHEBIAFZAP | EFFECTIVE DATE 18 AUG 2024,150.0,0.0,4865.03,Associate-Payment,[OPEN],0.7,0.0,ASSOCIATE:Armin;DIV7A-CANDIDATE,True
ANZ-BE-0a1404d33152,2024-08-19,8,ANZ MOBILE BANKING PAYMENT 543315 | TO ARMIN MOHEBIAFZAP,250.0,0.0,4615.03,Associate-Payment,[OPEN],0.7,0.0,ASSOCIATE:Armin;DIV7A-CANDIDATE,True
ANZ-BE-8aa30159170e,2024-08-19,8,VISA DEBIT PURCHASE CARD 5746 | CASTLE HILL PAINT GA CASTLE HILL | EFFECTIVE DATE 16 AUG 2024,325.0,0.0,4290.03,Materials-Tools,business,0.8,29.55,,False
ANZ-BE-f9241de668a0,2024-08-20,8,TRANSFER | FROM BELLE PROPERTY L BELLE LANE COVE,0.0,2420.0,6710.03,Income-Candidate,business,0.55,0.0,,True
ANZ-BE-68efad0c96ea,2024-08-20,8,ANZ MOBILE BANKING PAYMENT 589116 | TO ARMIN MOHEBIAFZAP,1470.0,0.0,5240.03,Associate-Payment,[OPEN],0.7,0.0,ASSOCIATE:Armin;DIV7A-CANDIDATE,True
ANZ-BE-0bbcc03741ad,2025-10-21,23,EFTPOS | CASTLE HILL PAINT GA CASTLE HILL NSWAU,14.0,0.0,1923.84,Materials-Tools,business,0.8,1.27,,False
ANZ-BE-828496161fb4,2025-10-21,23,EFTPOS | CASTLE HILL PAINT GA CASTLE HILL NSWAU,25.0,0.0,1898.84,Materials-Tools,business,0.8,2.27,,False
ANZ-BE-95d8d93af53f,2025-10-22,23,VISA DEBIT PURCHASE CARD 5746 | DULUX BROOKVALE BROOKVALE | EFFECTIVE DATE 18 OCT 2025,263.26,0.0,1635.58,Materials-Tools,business,0.8,23.93,,False
ANZ-BE-961a62ab31d3,2025-10-23,23,VISA DEBIT PURCHASE CARD 5746 | BUNNINGS 407000 ROUSE HILL | EFFECTIVE DATE 21 OCT 2025,9.0,0.0,1626.58,Materials-Tools,business,0.8,0.82,,False
ANZ-BE-7b399db6f3bc,2025-10-23,23,EFTPOS | CASTLE HILL PAINT GA CASTLE HILL NSWAU,55.0,0.0,1571.58,Materials-Tools,business,0.8,5.0,,False
ANZ-BE-d95af561db05,2025-10-27,23,PAYMENT | TO TRANSPORT FOR NS ETOLL4211626295,25.0,0.0,1546.58,Vehicle-Tolls,business,0.8,2.27,,False
ANZ-BE-e150efd28a1e,2025-10-27,23,PAYMENT | TO TRANSPORT FOR NS ETOLL4211677779,25.0,0.0,1521.58,Vehicle-Tolls,business,0.8,2.27,,False
ANZ-BE-4d9e46852e0d,2025-10-27,23,VISA DEBIT PURCHASE CARD 5746 | 7-ELEVEN 2205 WEST PENNANT | EFFECTIVE DATE 23 OCT 2025,60.45,0.0,1461.13,Fuel,business,0.7,5.5,,False
ANZ-BE-3728747828c8,2025-10-27,23,EFTPOS | BUNNINGS CARLINGFORD 7132\CARLING NSW AU | EFFECTIVE DATE 26 OCT 2025,253.77,0.0,1207.36,Materials-Tools,business,0.8,23.07,,False
ANZ-BE-6ed45d02044c,2025-10-28,23,EFTPOS | UNITED WILBERFORCE \WILBERFORCE AU,70.0,0.0,1137.36,Misc,[OPEN],0.3,0.0,,True
ANZ-BE-d349a1fb0c36,2025-10-30,23,VISA DEBIT PURCHASE CARD 5746 | 7-ELEVEN 2128 CARLINGFORD | EFFECTIVE DATE 27 OCT 2025,78.48,0.0,1058.88,Fuel,business,0.7,7.13,,False
ANZ-BE-62ae1f49f6ac,2025-11-03,23,VISA DEBIT PURCHASE CARD 5746 | FREEDOM FUELS VINEYARD VINEYARD | EFFECTIVE DATE 31 OCT 2025,92.21,0.0,966.67,Misc,[OPEN],0.3,0.0,,True
ANZ-BE-af2c83e41c67,2025-11-06,23,PAYMENT FROM MP CONSTRUCT PTY LTD | MP DESIGN INV 256,0.0,4000.0,4966.67,Income-Candidate,business,0.55,0.0,,True
ANZ-BE-c2349c958df8,2025-11-06,23,ANZ ATM | MOSMAN JUNCTION BRANCH #1MOSMAN NS,2000.0,0.0,2966.67,Drawing-Cash,[OPEN],0.8,0.0,,True
ANZ-BE-afe7e5df650e,2025-11-07,23,VISA DEBIT PURCHASE CARD 5746 | WWW.BLOSSOMUP.CO SANTAFE | 1.95 EUR INC O/S FEE $0.10 | EFFECTIVE DATE 06 NOV 2025,3.55,0.0,2963.12,Misc,[OPEN],0.3,0.0,,True
ANZ-BE-d008160d7aab,2025-11-07,23,VISA DEBIT PURCHASE CARD 5746 | DAN MURPHY'S/71-77 PENSHU WILLOUGHBY | EFFECTIVE DATE 05 NOV 2025,75.34,0.0,2887.78,Misc,[OPEN],0.3,0.0,,True
ANZ-BE-9363fdf81f22,2025-11-10,23,ANZ MOBILE BANKING PAYMENT 809977 | TO ARMIN MOHEBIAFZAP,50.0,0.0,2837.78,Associate-Payment,[OPEN],0.7,0.0,ASSOCIATE:Armin;DIV7A-CANDIDATE,True
ANZ-BE-113df3e11e77,2025-11-10,23,VISA DEBIT PURCHASE CARD 5746 | 7-ELEVEN 2219 EPPING | EFFECTIVE DATE 06 NOV 2025,93.07,0.0,2744.71,Fuel,business,0.7,8.46,,False
ANZ-BE-f29fc2f835e4,2025-11-10,23,VISA DEBIT PURCHASE CARD 5746 | DAN MURPHY'S/250 OLD NORT CASTLE HILL | EFFECTIVE DATE 08 NOV 2025,111.99,0.0,2632.72,Misc,[OPEN],0.3,0.0,,True
ANZ-BE-554652ba2c24,2025-11-11,23,PAYMENT FROM REZA MASHHOORI,0.0,1000.0,3632.72,Income-Candidate,business,0.55,0.0,REZA-IDENTITY(OQ7),True
ANZ-BE-2c82529ad20a,2025-11-11,23,PAYMENT | TO TRANSPORT FOR NS ETOLL4225275170,25.0,0.0,3607.72,Vehicle-Tolls,business,0.8,2.27,,False
ANZ-BE-ae72c1bb1e3a,2025-11-11,23,PAYMENT | TO TRANSPORT FOR NS ETOLL4225366562,25.0,0.0,3582.72,Vehicle-Tolls,business,0.8,2.27,,False
ANZ-BE-e74d49d60799,2025-11-11,23,EFTPOS | AMAYSIM MOBILE PTY LTD\,30.0,0.0,3552.72,Phone-Internet,business,0.6,2.73,,True
ANZ-BE-86a6f5820619,2025-11-12,23,VISA DEBIT PURCHASE CARD 5746 | REBTEL STOCKHOLM | EFFECTIVE DATE 11 NOV 2025,5.0,0.0,3547.72,Misc,[OPEN],0.3,0.0,,True
ANZ-BE-6dc8ef08c590,2025-11-12,23,VISA DEBIT PURCHASE CARD 5746 | REBTEL STOCKHOLM | EFFECTIVE DATE 10 NOV 2025,15.0,0.0,3532.72,Misc,[OPEN],0.3,0.0,,True
ANZ-BE-a138a40c9596,2025-11-12,23,VISA DEBIT PURCHASE CARD 5746 | SYD APRT INTNL CARP50 SYDNEY | EFFECTIVE DATE 10 NOV 2025,24.42,0.0,3508.3,Misc,[OPEN],0.3,0.0,,True
ANZ-BE-3700b05b5ca7,2025-11-12,23,VISA DEBIT PURCHASE CARD 5746 | EXPRESSVPN.COM GIBRALTAR | 21.99 USD INC O/S FEE $1.02 | EFFECTIVE DATE 10 NOV 2025,35.03,0.0,3473.27,Misc,[OPEN],0.3,0.0,,True
ANZ-BE-967ecebe5cea,2025-11-12,23,PAYMENT | TO ALLIANZ INSURE 109258317016825316,113.24,0.0,3360.03,Insurance,business,0.7,10.29,,False
ANZ-BE-7c14b7aa2099,2025-11-12,23,EFTPOS | ZLR*SNAP FITNESS BEECRO \BEECROFT AU,128.0,0.0,3232.03,Misc,[OPEN],0.3,0.0,,True
ANZ-BE-15c7933ea4e9,2025-11-12,23,EFTPOS | ONEFLARE\,299.0,0.0,2933.03,Misc,[OPEN],0.3,0.0,,True
ANZ-BE-a422b5c2947f,2025-11-13,23,VISA DEBIT PURCHASE CARD 5746 | SQ *CHILD FOUNDATION AUST 1800595310 | EFFECTIVE DATE 11 NOV 2025,27.0,0.0,2906.03,Misc,[OPEN],0.3,0.0,,True
ANZ-BE-0b79c0df56b0,2025-11-13,23,ANZ MOBILE BANKING PAYMENT 132808 | TO ANDREW BEST,2000.0,0.0,906.03,Misc,[OPEN],0.3,0.0,,True
ANZ-BE-7325085c99ec,2025-11-14,23,VISA DEBIT PURCHASE CARD 5746 | FELIX MOBILE NORTH SYDNEY | EFFECTIVE DATE 11 NOV 2025,20.0,0.0,886.03,Misc,[OPEN],0.3,0.0,,True
ANZ-BE-8ff6f09486be,2025-11-14,23,VISA DEBIT PURCHASE CARD 5746 | SG*V*WWW.BLOSSOMUP.CO SANTA FE | 29.95 EUR INC O/S FEE $1.60 | EFFECTIVE DATE 09 NOV 2025,55.22,0.0,830.81,Misc,[OPEN],0.3,0.0,,True
ANZ-BE-71e09887e6ac,2025-11-14,23,VISA DEBIT PURCHASE CARD 5746 | BUNNINGS 553000 CARLINGFORD | EFFECTIVE DATE 11 NOV 2025,180.02,0.0,650.79,Materials-Tools,business,0.8,16.37,,False
ANZ-BE-e9dc6e8ec717,2025-11-17,23,PAYMENT FROM REZA MASHHOORI | EFFECTIVE DATE 15 NOV 2025,0.0,1000.0,1650.79,Income-Candidate,business,0.55,0.0,REZA-IDENTITY(OQ7),True
ANZ-BE-c78f38d782c8,2025-11-17,23,VISA DEBIT PURCHASE CARD 5746 | EXPRESSVPN.COM GIBRALTAR | 15.12 USD INC O/S FEE $0.69 | EFFECTIVE DATE 14 NOV 2025,23.88,0.0,1626.91,Misc,[OPEN],0.3,0.0,,True
ANZ-BE-6e9178c4b81f,2025-11-17,23,VISA DEBIT PURCHASE CARD 5746 | INTUIT QUICKBOOKS SYDNEY | EFFECTIVE DATE 15 NOV 2025,33.0,0.0,1593.91,Misc,[OPEN],0.3,0.0,,True
ANZ-BE-307890b141f1,2025-11-18,23,EFTPOS | UBER *TRIP HELP.UBER.COM\,39.79,0.0,1554.12,Transport,[OPEN],0.5,0.0,,True
ANZ-BE-21ac350e27f4,2025-11-18,23,VISA DEBIT PURCHASE CARD 5746 | 7-ELEVEN 2219 EPPING | EFFECTIVE DATE 16 NOV 2025,60.8,0.0,1493.32,Fuel,business,0.7,5.53,,False
ANZ-BE-969a9e4c26af,2025-11-21,24,VISA DEBIT PURCHASE CARD 5746 | 7-ELEVEN 2219 EPPING | EFFECTIVE DATE 19 NOV 2025,98.54,0.0,1394.78,Fuel,business,0.7,8.96,,False
ANZ-BE-6c8603192440,2025-11-21,24,EFTPOS | REGISTRY\,189.0,0.0,1205.78,Misc,[OPEN],0.3,0.0,,True
ANZ-BE-76f6e7a8c741,2025-11-24,24,EFTPOS | UBER *TRIP HELP.UBER.COM\,0.0,0.01,1205.79,Income-Candidate,business,0.55,0.0,,True
ANZ-BE-7952dfc741ec,2025-11-24,24,PAYMENT FROM REZA MASHHOORI,0.0,1000.0,2205.79,Income-Candidate,business,0.55,0.0,REZA-IDENTITY(OQ7),True
ANZ-BE-b09d8a2c2a6e,2025-11-24,24,VISA DEBIT PURCHASE CARD 5746 | SURFSHARK INC LEWES | 10.64 USD INC O/S FEE $0.49 | EFFECTIVE DATE 23 NOV 2025,17.08,0.0,2188.71,Misc,[OPEN],0.3,0.0,,True
ANZ-BE-b23fb9aaa67f,2025-11-24,24,EFTPOS | UBER *TRIP HELP.UBER.COM\,29.43,0.0,2159.28,Transport,[OPEN],0.5,0.0,,True
ANZ-BE-141640023005,2025-11-24,24,EFTPOS | WOOLWORTHS 1364\BEECROFT NSW AU | EFFECTIVE DATE 23 NOV 2025,37.2,0.0,2122.08,Groceries,[OPEN],0.6,0.0,,True
ANZ-BE-8ae8dec25ffd,2025-11-24,24,VISA DEBIT PURCHASE CARD 5746 | SURFSHARK.COM LEWES | 27.49 USD INC O/S FEE $1.28 | EFFECTIVE DATE 23 NOV 2025,44.11,0.0,2077.97,Misc,[OPEN],0.3,0.0,,True
ANZ-BE-449322b6caca,2025-11-24,24,VISA DEBIT PURCHASE CARD 5746 | 7-ELEVEN 2219 EPPING | EFFECTIVE DATE 20 NOV 2025,94.74,0.0,1983.23,Fuel,business,0.7,8.61,,False
ANZ-BE-58f7a77ee1e0,2025-11-25,24,VISA DEBIT DEPOSIT CARD 5746 | SURFSHARK INC LEWES | 10.64 USD | EFFECTIVE DATE 24 NOV 2025,0.0,16.46,1999.69,Income-Candidate,business,0.55,0.0,,True
ANZ-BE-8f1410a98051,2025-11-25,24,VISA DEBIT DEPOSIT CARD 5746 | SURFSHARK.COM LEWES | 27.49 USD | EFFECTIVE DATE 24 NOV 2025,0.0,42.53,2042.22,Income-Candidate,business,0.55,0.0,,True
ANZ-BE-7a8cb5f46d25,2025-11-25,24,EFTPOS | UBER *TRIP HELP.UBER.COM\,21.62,0.0,2020.6,Transport,[OPEN],0.5,0.0,,True
ANZ-BE-3cb6380b3b32,2025-11-25,24,VISA DEBIT PURCHASE CARD 5746 | PADDLE.NET* 16763502CA LONDON | 14.99 USD INC O/S FEE $0.70 | EFFECTIVE DATE 23 NOV 2025,24.05,0.0,1996.55,Misc,[OPEN],0.3,0.0,,True
ANZ-BE-46b133e1b1c5,2025-11-25,24,VISA DEBIT PURCHASE CARD 5746 | TPG INTERNET PTY LTD NORTH RYDE | EFFECTIVE DATE 22 NOV 2025,64.99,0.0,1931.56,Misc,[OPEN],0.3,0.0,,True
ANZ-BE-f671c9772e8d,2025-11-26,24,EFTPOS | ZLR*SWITCHMAN ESPRESSO \HAYMARKET AU,18.76,0.0,1912.8,Misc,[OPEN],0.3,0.0,,True
ANZ-BE-cb3cc1e631ca,2025-11-26,24,EFTPOS | UBER *TRIP HELP.UBER.COM\,27.86,0.0,1884.94,Transport,[OPEN],0.5,0.0,,True
ANZ-BE-5966bbb52e9a,2025-11-26,24,EFTPOS | REDDY EXPRESS 1692 MARSFIELD AU,90.27,0.0,1794.67,Misc,[OPEN],0.3,0.0,,True
ANZ-BE-8203ac534fd0,2025-11-27,24,EFTPOS | ZLR*SWITCHMAN ESPRESSO \HAYMARKET AU,9.13,0.0,1785.54,Misc,[OPEN],0.3,0.0,,True
ANZ-BE-45840a34325d,2025-11-27,24,VISA DEBIT PURCHASE CARD 5746 | BUNNINGS 579000 NARRABEEN | EFFECTIVE DATE 24 NOV 2025,36.43,0.0,1749.11,Materials-Tools,business,0.8,3.31,,False
ANZ-BE-45461077ebbb,2025-11-28,24,EFTPOS | UBER* TRIP\,2.66,0.0,1746.45,Transport,[OPEN],0.5,0.0,,True
ANZ-BE-ca0ba9174ebb,2025-11-28,24,EFTPOS | CJS CENTRAL HAYMARKET AU,6.55,0.0,1739.9,Misc,[OPEN],0.3,0.0,,True
ANZ-BE-99e855430870,2025-11-28,24,EFTPOS | UBER *TRIP HELP.UBER.COM\,22.67,0.0,1717.23,Transport,[OPEN],0.5,0.0,,True
ANZ-BE-cf24b8241091,2025-12-01,24,PAYMENT FROM BFMS GROUP | 0095,0.0,2400.02,4117.25,Income-Candidate,business,0.55,0.0,,True
ANZ-BE-7cd2d260a6a9,2025-12-01,24,EFTPOS | ALLWEST VENDING EMU HEIGHTS AU | EFFECTIVE DATE 29 NOV 2025,4.4,0.0,4112.85,Misc,[OPEN],0.3,0.0,,True
ANZ-BE-01c4d6c061f9,2025-12-01,24,EFTPOS | ZLR*SWITCHMAN ESPRESSO \HAYMARKET AU,6.09,0.0,4106.76,Misc,[OPEN],0.3,0.0,,True
ANZ-BE-6821f8d051cf,2025-12-01,24,VISA DEBIT PURCHASE CARD 5746 | YOLLACALLS.COM TALLINN | 4.00 USD INC O/S FEE $0.18 | EFFECTIVE DATE 29 NOV 2025,6.32,0.0,4100.44,Misc,[OPEN],0.3,0.0,,True
ANZ-BE-b22f84ce2b72,2025-12-01,24,EFTPOS | UBER *TRIP HELP.UBER.COM\,14.25,0.0,4086.19,Transport,[OPEN],0.5,0.0,,True
ANZ-BE-d262c254809f,2025-12-01,24,EFTPOS | 7-ELEVEN 2235 KENSINGTON AU,18.5,0.0,4067.69,Fuel,business,0.7,1.68,,False
ANZ-BE-dd6c761f17d3,2025-12-01,24,EFTPOS | UBER *TRIP HELP.UBER.COM\,19.85,0.0,4047.84,Transport,[OPEN],0.5,0.0,,True
ANZ-BE-1aa1aae910bd,2025-12-01,24,EFTPOS | ZA TOBACCO BEECROFT\BEECROFT NSW AU,36.56,0.0,4011.28,Misc,[OPEN],0.3,0.0,,True
ANZ-BE-75d32b33bd36,2025-12-01,24,ANZ MOBILE BANKING PAYMENT 424011 | TO ARMIN MOHEBIAFZAP | EFFECTIVE DATE 29 NOV 2025,70.0,0.0,3941.28,Associate-Payment,[OPEN],0.7,0.0,ASSOCIATE:Armin;DIV7A-CANDIDATE,True
ANZ-BE-275fa80111a1,2025-12-01,24,ANZ MOBILE BANKING PAYMENT 213998 | TO ARMIN MOHEBIAFZAP,1000.0,0.0,2941.28,Associate-Payment,[OPEN],0.7,0.0,ASSOCIATE:Armin;DIV7A-CANDIDATE,True
ANZ-BE-030400cd9f83,2025-12-02,24,EFTPOS | UBER *TRIP HELP.UBER.COM\,0.0,0.02,2941.3,Income-Candidate,business,0.55,0.0,,True
ANZ-BE-4d28c019e25c,2025-12-02,24,EFTPOS | INSP PAINT EPPING EPPING NSWAU,13.95,0.0,2927.35,Materials-Tools,business,0.8,1.27,,False
ANZ-BE-675050272aff,2025-12-02,24,EFTPOS | UBER *EATS HELP.UBER.COM\,17.13,0.0,2910.22,Transport,[OPEN],0.5,0.0,,True
ANZ-BE-471a2a8a453b,2025-12-02,24,EFTPOS | UBER *TRIP HELP.UBER.COM\,17.81,0.0,2892.41,Transport,[OPEN],0.5,0.0,,True
ANZ-BE-f91576bd3926,2025-12-02,24,ANZ MOBILE BANKING PAYMENT 506054 | TO ARMIN MOHEBIAFZAP,20.0,0.0,2872.41,Associate-Payment,[OPEN],0.7,0.0,ASSOCIATE:Armin;DIV7A-CANDIDATE,True
ANZ-BE-f2009444e95f,2025-12-02,24,EFTPOS | WOOLWORTHS 1364\BEECROFT NSW AU,79.53,0.0,2792.88,Groceries,[OPEN],0.6,0.0,,True
ANZ-BE-2619ad8b84dd,2025-12-02,24,NON-ANZ ATM CARD 5746 | ATMX 18 HANNAH STREET BE BEECROFT 0,100.0,0.0,2692.88,Drawing-Cash,[OPEN],0.8,0.0,,True
ANZ-BE-bd7964ac3614,2025-12-02,24,NON-ANZ ATM CARD 5746 | ATMX 18 HANNAH STREET BE BEECROFT 0,1000.0,0.0,1692.88,Drawing-Cash,[OPEN],0.8,0.0,,True
ANZ-BE-1e2375244ae8,2025-12-03,24,EFTPOS | 7-ELEVEN 2235 KENSINGTON AU,1.5,0.0,1691.38,Fuel,business,0.7,0.14,,False
ANZ-BE-cd7e454e4da5,2025-12-03,24,VISA DEBIT PURCHASE CARD 5746 | 200 TFNSW INTER/IVR SURRY HILLS | EFFECTIVE DATE 30 NOV 2025,70.0,0.0,1621.38,Misc,[OPEN],0.3,0.0,,True
ANZ-BE-f75cb0100454,2025-12-04,24,EFTPOS | ZLR*SWITCHMAN ESPRESSO \HAYMARKET AU,10.14,0.0,1611.24,Misc,[OPEN],0.3,0.0,,True
ANZ-BE-3f70771a8360,2025-12-04,24,EFTPOS | UBER *TRIP HELP.UBER.COM\,25.81,0.0,1585.43,Transport,[OPEN],0.5,0.0,,True
ANZ-BE-f89fc3f2219d,2025-12-04,24,VISA DEBIT PURCHASE CARD 5746 | AMPOL NARRABEEN 22120F NARRABEEN | EFFECTIVE DATE 01 DEC 2025,90.37,0.0,1495.06,Fuel,business,0.7,8.22,,False
ANZ-BE-45da7133c013,2025-12-04,24,ANZ MOBILE BANKING PAYMENT 019646 | TO ARMIN MOHEBIAFZAP,400.0,0.0,1095.06,Associate-Payment,[OPEN],0.7,0.0,ASSOCIATE:Armin;DIV7A-CANDIDATE,True
ANZ-BE-2baf67309629,2025-12-05,24,PAYMENT FROM BFMS GROUP | ARMIN PAINTING - KENSINGTON,0.0,2000.0,3095.06,Income-Candidate,business,0.55,0.0,,True
ANZ-BE-5c807de01961,2025-12-05,24,EFTPOS | SQ *THE COFFEE BOX CEN \SURRY HILLS AU,4.58,0.0,3090.48,Misc,[OPEN],0.3,0.0,,True
ANZ-BE-20f86f42462c,2025-12-05,24,EFTPOS | 7-ELEVEN 2235 KENSINGTON AU,11.0,0.0,3079.48,Fuel,business,0.7,1.0,,False
ANZ-BE-5c4410f8a158,2025-12-05,24,VISA DEBIT PURCHASE CARD 5746 | DULUX BROOKVALE BROOKVALE | EFFECTIVE DATE 02 DEC 2025,81.44,0.0,2998.04,Materials-Tools,business,0.8,7.4,,False
ANZ-BE-9f5b5c4ab8be,2025-12-08,24,EFTPOS | UBER *TRIP HELP.UBER.COM\,0.0,0.02,2998.06,Income-Candidate,business,0.55,0.0,,True
ANZ-BE-1e3c7a0ff4b6,2025-12-08,24,EFTPOS | ZLR*SWITCHMAN ESPRESSO \HAYMARKET AU,9.13,0.0,2988.93,Misc,[OPEN],0.3,0.0,,True
ANZ-BE-60e9749f3c83,2025-12-08,24,EFTPOS | UBER *TRIP HELP.UBER.COM\,23.2,0.0,2965.73,Transport,[OPEN],0.5,0.0,,True
ANZ-BE-55ad2f41d778,2025-12-08,24,EFTPOS | AMAYSIM MOBILE PTY LTD\,30.0,0.0,2935.73,Phone-Internet,business,0.6,2.73,,True
ANZ-BE-a8fc2cd1c586,2025-12-08,24,VISA DEBIT PURCHASE CARD 5746 | DAN MURPHY'S/250 OLD NORT CASTLE HILL | EFFECTIVE DATE 05 DEC 2025,111.0,0.0,2824.73,Misc,[OPEN],0.3,0.0,,True
ANZ-BE-f5ce65e89411,2025-12-08,24,ANZ MOBILE BANKING PAYMENT 843972 | TO ARMIN MOHEBIAFZAP | EFFECTIVE DATE 06 DEC 2025,500.0,0.0,2324.73,Associate-Payment,[OPEN],0.7,0.0,ASSOCIATE:Armin;DIV7A-CANDIDATE,True
ANZ-BE-a17420910ee5,2025-12-09,24,EFTPOS | UBER *TRIP HELP.UBER.COM\,0.0,0.02,2324.75,Income-Candidate,business,0.55,0.0,,True
ANZ-BE-9bd4e8738c23,2025-12-09,24,EFTPOS | ZLR*SWITCHMAN ESPRESSO \HAYMARKET AU,12.68,0.0,2312.07,Misc,[OPEN],0.3,0.0,,True
ANZ-BE-c277289bd691,2025-12-09,24,EFTPOS | UBER *TRIP HELP.UBER.COM\,18.39,0.0,2293.68,Transport,[OPEN],0.5,0.0,,True
ANZ-BE-9abe361528cc,2025-12-09,24,EFTPOS | UBER *EATS HELP.UBER.COM\,36.99,0.0,2256.69,Transport,[OPEN],0.5,0.0,,True
ANZ-BE-fe5dda4f4b28,2025-12-09,24,EFTPOS | REDDY EXPRESS 1605 FORESTVILLE AU,87.82,0.0,2168.87,Misc,[OPEN],0.3,0.0,,True
ANZ-BE-6cdc4c818ed3,2025-12-10,24,EFTPOS | UBER *TRIP HELP.UBER.COM\,0.0,0.02,2168.89,Income-Candidate,business,0.55,0.0,,True
ANZ-BE-711928143b10,2025-12-10,24,EFTPOS | UBER *TRIP HELP.UBER.COM\,0.0,22.25,2191.14,Income-Candidate,business,0.55,0.0,,True
ANZ-BE-6e294300e502,2025-12-10,24,EFTPOS | UBER *TRIP HELP.UBER.COM\,20.12,0.0,2171.02,Transport,[OPEN],0.5,0.0,,True
ANZ-BE-177cdb4c60b0,2025-12-10,24,EFTPOS | UBER *TRIP HELP.UBER.COM\,22.25,0.0,2148.77,Transport,[OPEN],0.5,0.0,,True
ANZ-BE-9155f76a7c5d,2025-12-10,24,EFTPOS | UBER *TRIP HELP.UBER.COM\,27.55,0.0,2121.22,Transport,[OPEN],0.5,0.0,,True
ANZ-BE-cee27cf6eebc,2025-12-10,24,ANZ MOBILE BANKING PAYMENT 458796 | TO ARMIN MOHEBIAFZAP,50.0,0.0,2071.22,Associate-Payment,[OPEN],0.7,0.0,ASSOCIATE:Armin;DIV7A-CANDIDATE,True
ANZ-BE-9e97c4e001e5,2025-12-10,24,EFTPOS | AGOGO 43 PTY LTD\SURRY HILLS NSW AU,319.0,0.0,1752.22,Misc,[OPEN],0.3,0.0,,True
ANZ-BE-953a97a448b1,2025-12-11,24,EFTPOS | EZYMART CNTRL NTH CON HAYMARKET AU,6.6,0.0,1745.62,Misc,[OPEN],0.3,0.0,,True
ANZ-BE-bed82b5f9c8b,2025-12-11,24,EFTPOS | WW METRO 1669\SURRY HILLS NSW AU,24.4,0.0,1721.22,Misc,[OPEN],0.3,0.0,,True
ANZ-BE-3407fec011d8,2025-12-12,24,EFTPOS | 7-ELEVEN 2235 KENSINGTON AU,9.5,0.0,1711.72,Fuel,business,0.7,0.86,,False
ANZ-BE-01d6a89d77d6,2025-12-12,24,VISA DEBIT PURCHASE CARD 5746 | REBTEL STOCKHOLM | EFFECTIVE DATE 10 DEC 2025,15.0,0.0,1696.72,Misc,[OPEN],0.3,0.0,,True
ANZ-BE-070da6a90b0c,2025-12-12,24,VISA DEBIT PURCHASE CARD 5746 | EXPRESSVPN.COM GIBRALTAR | 21.99 USD INC O/S FEE $0.99 | EFFECTIVE DATE 10 DEC 2025,34.28,0.0,1662.44,Misc,[OPEN],0.3,0.0,,True
ANZ-BE-aa4e38cb99c2,2025-12-12,24,VISA DEBIT PURCHASE CARD 5746 | CS.BLOSSOMUP.CO SANTAFE | 29.95 EUR INC O/S FEE $1.58 | EFFECTIVE DATE 11 DEC 2025,54.38,0.0,1608.06,Misc,[OPEN],0.3,0.0,,True
ANZ-BE-b691dc743138,2025-12-12,24,EFTPOS | UBER *TRIP HELP.UBER.COM\,80.05,0.0,1528.01,Transport,[OPEN],0.5,0.0,,True
ANZ-BE-b59841a8376f,2025-12-12,24,PAYMENT | TO ALLIANZ INSURE 109258317010225346,113.24,0.0,1414.77,Insurance,business,0.7,10.29,,False
ANZ-BE-7910ccca0393,2025-12-12,24,EFTPOS | ONEFLARE\,299.0,0.0,1115.77,Misc,[OPEN],0.3,0.0,,True
ANZ-BE-16338b8d3db1,2025-12-15,24,EFTPOS | 7-ELEVEN 2235 KENSINGTON AU | EFFECTIVE DATE 13 DEC 2025,9.5,0.0,1106.27,Fuel,business,0.7,0.86,,False
ANZ-BE-62e5f42e5eee,2025-12-15,24,EFTPOS | BUDGET PETROL CHIPPEND CHIPPENDALE AU,24.45,0.0,1081.82,Misc,[OPEN],0.3,0.0,,True
ANZ-BE-863e54757275,2025-12-15,24,VISA DEBIT PURCHASE CARD 5746 | SQ *CHILD FOUNDATION AUST 1800595310 | EFFECTIVE DATE 11 DEC 2025,27.0,0.0,1054.82,Misc,[OPEN],0.3,0.0,,True
ANZ-BE-802b41007c4c,2025-12-15,24,VISA DEBIT PURCHASE CARD 5746 | BP EXPRESS 2241 WEST RYDE | EFFECTIVE DATE 10 DEC 2025,50.06,0.0,1004.76,Fuel,business,0.7,4.55,,False
ANZ-BE-09e275c17a9b,2025-12-15,24,VISA DEBIT PURCHASE CARD 5746 | UBER *EATS HELP.UBER.COM SYDNEY | EFFECTIVE DATE 11 DEC 2025,61.98,0.0,942.78,Transport,[OPEN],0.5,0.0,,True
ANZ-BE-95bbd3f1ab86,2025-12-15,24,EFTPOS | UBER *TRIP HELP.UBER.COM\ | EFFECTIVE DATE 13 DEC 2025,75.41,0.0,867.37,Transport,[OPEN],0.5,0.0,,True
ANZ-BE-f55dd6b67456,2025-12-16,24,EFTPOS | SMP*ADANOS CASTLE HILL \CASTLE HILL02 AU,20.13,0.0,847.24,Misc,[OPEN],0.3,0.0,,True
ANZ-BE-61b593e69a5e,2025-12-16,24,VISA DEBIT PURCHASE CARD 5746 | EXPRESSVPN.COM GIBRALTAR | 15.12 USD INC O/S FEE $0.68 | EFFECTIVE DATE 14 DEC 2025,23.48,0.0,823.76,Misc,[OPEN],0.3,0.0,,True
ANZ-BE-3875a7807d7b,2025-12-16,24,EFTPOS | UBER* TRIP\,26.15,0.0,797.61,Transport,[OPEN],0.5,0.0,,True
ANZ-BE-9baeec751a69,2025-12-16,24,EFTPOS | NESPRESSOAU_POS CASTLE HILL AU,34.0,0.0,763.61,Misc,[OPEN],0.3,0.0,,True
ANZ-BE-cc8145adcac4,2025-12-16,24,EFTPOS | KMART 1246 CASTLE HILL AU,127.65,0.0,635.96,Misc,[OPEN],0.3,0.0,,True
ANZ-BE-f92cf0174846,2025-12-17,24,PAYMENT FROM BFMS GROUP | PAINTING - KENSINGTON + BEN,0.0,4137.5,4773.46,Income-Candidate,business,0.55,0.0,,True
ANZ-BE-1e82a768aaa5,2025-12-17,24,EFTPOS | ZA TOBACCO BEECROFT\BEECROFT NSW AU,32.5,0.0,4740.96,Misc,[OPEN],0.3,0.0,,True
ANZ-BE-970cab0b547a,2025-12-17,24,VISA DEBIT PURCHASE CARD 5746 | INTUIT QUICKBOOKS SYDNEY | EFFECTIVE DATE 15 DEC 2025,33.0,0.0,4707.96,Misc,[OPEN],0.3,0.0,,True
ANZ-BE-d3da25f60a24,2025-12-17,24,ANZ MOBILE BANKING PAYMENT 232818 | TO ARMIN MOHEBIAFZAP,2100.0,0.0,2607.96,Associate-Payment,[OPEN],0.7,0.0,ASSOCIATE:Armin;DIV7A-CANDIDATE,True
ANZ-BE-d7b250fd5e06,2025-12-18,24,EFTPOS | SNAP FITNESS BEECROFT HOMEBUSH WESTAU,2.5,0.0,2605.46,Misc,[OPEN],0.3,0.0,,True
ANZ-BE-f2d11075617d,2025-12-18,24,EFTPOS | WOOLWORTHS 1364\BEECROFT NSW AU,22.71,0.0,2582.75,Groceries,[OPEN],0.6,0.0,,True
ANZ-BE-ab4cadb70378,2025-12-18,24,ANZ ATM | CASTLE HILL BRANCH #1 CASTLE HILL NS,650.0,0.0,1932.75,Drawing-Cash,[OPEN],0.8,0.0,,True
ANZ-BE-78dc02ea675c,2025-12-18,24,ANZ ATM | NORTH SYDNEY BRANCH #1 NORTH SYDNEY NS,1000.0,0.0,932.75,Drawing-Cash,[OPEN],0.8,0.0,,True
ANZ-BE-099d7a338d9f,2025-12-19,24,PAYMENT FROM BFMS GROUP | ARMIN - PAINT - KENSINGTON,0.0,462.5,1395.25,Income-Candidate,business,0.55,0.0,,True
ANZ-BE-05c0e281c7e0,2025-12-19,24,ANZ MOBILE BANKING PAYMENT 610092 | TO ARMIN MOHEBIAFZAP,50.0,0.0,1345.25,Associate-Payment,[OPEN],0.7,0.0,ASSOCIATE:Armin;DIV7A-CANDIDATE,True
ANZ-BE-88de1e53bd94,2025-12-19,24,ANZ MOBILE BANKING PAYMENT 588694 | TO ARMIN MOHEBIAFZAP,340.0,0.0,1005.25,Associate-Payment,[OPEN],0.7,0.0,ASSOCIATE:Armin;DIV7A-CANDIDATE,True
ANZ-BE-96dc9ed27e4d,2026-01-21,26,VISA DEBIT PURCHASE CARD 5746 | 7-ELEVEN 2205 WEST PENNANT | EFFECTIVE DATE 18 JAN 2026,45.03,0.0,650.92,Fuel,business,0.7,4.09,,False
ANZ-BE-0c7f19dec2af,2026-01-22,26,VISA DEBIT PURCHASE CARD 5746 | TRANSPORTFORNSW TAP SYDNEY | EFFECTIVE DATE 19 JAN 2026,3.03,0.0,647.89,Misc,[OPEN],0.3,0.0,,True
ANZ-BE-c1cdc3adb882,2026-01-22,26,EFTPOS | MOSMAN NEWSAGENCY MOSMAN AU,5.04,0.0,642.85,Misc,[OPEN],0.3,0.0,,True
ANZ-BE-e35d440282b2,2026-01-23,26,ANZ ATM CARD 5746,0.0,100.0,742.85,Income-Candidate,business,0.55,0.0,,True
ANZ-BE-f306281eded4,2026-01-23,26,VISA DEBIT PURCHASE CARD 5746 | ALIEXPRESS NORTH SYDNEY | EFFECTIVE DATE 20 JAN 2026,279.72,0.0,463.13,Misc,[OPEN],0.3,0.0,,True
ANZ-BE-4862fa5a8eed,2026-01-23,26,VISA DEBIT PURCHASE CARD 5746 | BUNNINGS GROUP LTD HAWTHORN EAST | EFFECTIVE DATE 20 JAN 2026,359.5,0.0,103.63,Materials-Tools,business,0.8,32.68,,False
ANZ-BE-8272ec943aad,2026-01-27,26,FUNDS TRANSFER CARD 5746 | PAYPAL*MOHEBIAFZAL ARMIN SYDNEY AU,0.0,221.92,325.55,Income-Candidate,business,0.55,0.0,,True
ANZ-BE-21cceb4c1cde,2026-01-27,26,VISA DEBIT DEPOSIT | BUNNINGS GROUP LTD HAWTHORN EAST | EFFECTIVE DATE 23 JAN 2026,0.0,359.5,685.05,Income-Candidate,business,0.55,0.0,,True
ANZ-BE-cffaaab0cf3f,2026-01-27,26,TRANSFER | FROM PAYPAL AUSTRALIA 1047816158633,0.0,0.01,685.06,Income-Candidate,business,0.55,0.0,,True
ANZ-BE-801a0aad42a9,2026-01-27,26,TRANSFER | FROM PAYPAL AUSTRALIA 1047816158637,0.0,0.03,685.09,Income-Candidate,business,0.55,0.0,,True
ANZ-BE-f3ec0d2f751a,2026-01-28,26,PAYMENT FROM CARMY PTY LTD | 1/868MILITARYRDINV267BALCONYREPAIR,0.0,4400.0,5085.09,Income-Candidate,business,0.55,0.0,,True
ANZ-BE-7f00577c6e19,2026-01-28,26,ANZ MOBILE BANKING PAYMENT 586187 | TO ARMIN MOHEBIAFZAP,20.0,0.0,5065.09,Associate-Payment,[OPEN],0.7,0.0,ASSOCIATE:Armin;DIV7A-CANDIDATE,True
ANZ-BE-7f8de11a57de,2026-01-28,26,ANZ MOBILE BANKING PAYMENT 130718 | TO ROSECAP PTY LTD,800.0,0.0,4265.09,Misc,[OPEN],0.3,0.0,,True
ANZ-BE-f79fe5dadee4,2026-01-29,26,EFTPOS | PAYPAL *UBEREATS AU SYDNEY AU,0.0,1.28,4266.37,Income-Candidate,business,0.55,0.0,,True
ANZ-BE-98799deeaab2,2026-01-29,26,EFTPOS | PAYPAL *UBEREATS AU SYDNEY AU,23.07,0.0,4243.3,Transport,[OPEN],0.5,0.0,,True
ANZ-BE-9dc60f8e9786,2026-01-29,26,EFTPOS | PAYPAL *UBEREATS AU SYDNEY AU,25.48,0.0,4217.82,Transport,[OPEN],0.5,0.0,,True
ANZ-BE-7fabd5bb7197,2026-01-29,26,EFTPOS | SNAP FITNE* SNAP FITNE\,49.9,0.0,4167.92,Misc,[OPEN],0.3,0.0,,True
ANZ-BE-b75c4c5d92f7,2026-01-29,26,ANZ ATM | MOSMAN JUNCTION BRANCH #1MOSMAN NS,2000.0,0.0,2167.92,Drawing-Cash,[OPEN],0.8,0.0,,True
ANZ-BE-8536b018be71,2026-02-02,26,FUNDS TRANSFER CARD 5746 | PAYPAL*MOHEBIAFZAL ARMIN SYDNEY AU,0.0,316.8,2484.72,Income-Candidate,business,0.55,0.0,,True
ANZ-BE-deeb9dbd6bb8,2026-02-02,26,PAYMENT FROM CARMY PTY LTD | EFFECTIVE DATE 01 FEB 2026,0.0,6000.0,8484.72,Income-Candidate,business,0.55,0.0,,True
ANZ-BE-e1058cc8e6b1,2026-02-02,26,VISA DEBIT PURCHASE CARD 5746 | ZA TOBACCO BEECROFT BEECROFT | EFFECTIVE DATE 29 JAN 2026,7.11,0.0,8477.61,Misc,[OPEN],0.3,0.0,,True
ANZ-BE-d581df581ed0,2026-02-02,26,VISA DEBIT PURCHASE CARD 5746 | KMART 1246 CASTLE HILL | EFFECTIVE DATE 31 JAN 2026,22.0,0.0,8455.61,Misc,[OPEN],0.3,0.0,,True
ANZ-BE-a1384cdd87ad,2026-02-02,26,VISA DEBIT PURCHASE CARD 5746 | TEMU.COM PARRAMATTA | EFFECTIVE DATE 29 JAN 2026,193.78,0.0,8261.83,Misc,[OPEN],0.3,0.0,,True
ANZ-BE-0b350e4b33ea,2026-02-02,26,EFTPOS | INSPIRATIONS PAINT DUR DURAL AU | EFFECTIVE DATE 31 JAN 2026,194.51,0.0,8067.32,Materials-Tools,business,0.8,17.68,,False
ANZ-BE-aa9d123c9528,2026-02-02,26,VISA DEBIT PURCHASE CARD 5746 | SP MONTU GROUP PTY LTD EAST MELBOURN | EFFECTIVE DATE 31 JAN 2026,288.0,0.0,7779.32,Misc,[OPEN],0.3,0.0,,True
ANZ-BE-84bd8f1ec411,2026-02-02,26,VISA DEBIT PURCHASE CARD 5746 | TEMU.COM PARRAMATTA | EFFECTIVE DATE 29 JAN 2026,329.62,0.0,7449.7,Misc,[OPEN],0.3,0.0,,True
ANZ-BE-311b0a64e03e,2026-02-02,26,ANZ ATM | CASTLE HILL BRANCH #1 CASTLE HILL NS | EFFECTIVE DATE 31 JAN 2026,600.0,0.0,6849.7,Drawing-Cash,[OPEN],0.8,0.0,,True
ANZ-BE-089c3762ccb2,2026-02-02,26,ANZ MOBILE BANKING PAYMENT 952361 | TO ROSECAP PTY LTD | EFFECTIVE DATE 01 FEB 2026,1059.0,0.0,5790.7,Misc,[OPEN],0.3,0.0,,True
ANZ-BE-a129d66b37ce,2026-02-02,26,ANZ MOBILE BANKING PAYMENT 946928 | TO HAMED LOTFI | EFFECTIVE DATE 01 FEB 2026,2000.0,0.0,3790.7,Misc,[OPEN],0.3,0.0,,True
ANZ-BE-9d967a2751df,2026-02-02,26,ANZ MOBILE BANKING PAYMENT 951305 | TO ALI AMIRI | EFFECTIVE DATE 01 FEB 2026,2941.0,0.0,849.7,Misc,[OPEN],0.3,0.0,,True
ANZ-BE-0f2fdc9d97ae,2026-02-03,26,VISA DEBIT PURCHASE CARD 5746 | TPG INTERNET PTY LTD NORTH RYDE | EFFECTIVE DATE 31 JAN 2026,64.99,0.0,784.71,Misc,[OPEN],0.3,0.0,,True
ANZ-BE-b67f217c5041,2026-02-03,26,ANZ MOBILE BANKING PAYMENT 618302 | TO ARMIN MOHEBIAFZAP,400.0,0.0,384.71,Associate-Payment,[OPEN],0.7,0.0,ASSOCIATE:Armin;DIV7A-CANDIDATE,True
ANZ-BE-6d26a6977ada,2026-02-05,26,PAYMENT FROM CARMY PTY LTD,0.0,4000.0,4384.71,Income-Candidate,business,0.55,0.0,,True
ANZ-BE-94b5a1a0fde3,2026-02-05,26,VISA DEBIT PURCHASE CARD 5746 | TPG INTERNET PTY LTD NORTH RYDE | EFFECTIVE DATE 03 FEB 2026,64.99,0.0,4319.72,Misc,[OPEN],0.3,0.0,,True
ANZ-BE-4527c7656e87,2026-02-06,26,VISA DEBIT DEPOSIT | TPG INTERNET PTY LTD NORTH RYDE | EFFECTIVE DATE 04 FEB 2026,0.0,64.99,4384.71,Income-Candidate,business,0.55,0.0,,True
ANZ-BE-f83480bfdbc1,2026-02-06,26,PAYMENT FROM ARMIN MOHEBIAFZAL,0.0,200.0,4584.71,Associate-Inflow,[OPEN],0.6,0.0,ASSOCIATE:Armin,True
ANZ-BE-a913ce69db37,2026-02-06,26,VISA DEBIT PURCHASE CARD 5746 | 7-ELEVEN 2219 EPPING | EFFECTIVE DATE 04 FEB 2026,89.01,0.0,4495.7,Fuel,business,0.7,8.09,,False
ANZ-BE-88f37a3763bf,2026-02-09,26,VISA DEBIT PURCHASE CARD 5746 | BUNNINGS 634000 MINCHINBURY | EFFECTIVE DATE 05 FEB 2026,10.05,0.0,4485.65,Materials-Tools,business,0.8,0.91,,False
ANZ-BE-7dbe111c9e26,2026-02-09,26,VISA DEBIT PURCHASE CARD 5746 | SP ALTERNALEAF EAST MELBOURN | EFFECTIVE DATE 05 FEB 2026,29.0,0.0,4456.65,Misc,[OPEN],0.3,0.0,,True
ANZ-BE-38ec76e28c16,2026-02-09,26,VISA DEBIT PURCHASE CARD 5746 | IGG SINGAPORE PTE. LTD. SINGAPORE | EFFECTIVE DATE 07 FEB 2026,30.99,0.0,4425.66,Misc,[OPEN],0.3,0.0,,True
ANZ-BE-9e7b01f3dfec,2026-02-09,26,VISA DEBIT PURCHASE CARD 5746 | WOOLWORTHS/BEECROFT RD & BEECROFT | EFFECTIVE DATE 05 FEB 2026,143.65,0.0,4282.01,Groceries,[OPEN],0.6,0.0,,True
ANZ-BE-fa85f22f551a,2026-02-09,26,ANZ MOBILE BANKING PAYMENT 267625 | TO ARMIN MOHEBIAFZAP | EFFECTIVE DATE 07 FEB 2026,500.0,0.0,3782.01,Associate-Payment,[OPEN],0.7,0.0,ASSOCIATE:Armin;DIV7A-CANDIDATE,True
ANZ-BE-18edcb60c42a,2026-02-09,26,ANZ ATM | CASTLE HILL BRANCH #1 CASTLE HILL NS | EFFECTIVE DATE 08 FEB 2026,500.0,0.0,3282.01,Drawing-Cash,[OPEN],0.8,0.0,,True
ANZ-BE-167c19f722c6,2026-02-09,26,ANZ MOBILE BANKING PAYMENT 121154 | TO ROSECAP PTY LTD | EFFECTIVE DATE 08 FEB 2026,690.0,0.0,2592.01,Misc,[OPEN],0.3,0.0,,True
ANZ-BE-b8ab7f15e364,2026-02-10,26,VISA DEBIT PURCHASE CARD 5746 | TRANSPORTFORNSW TAP SYDNEY | EFFECTIVE DATE 07 FEB 2026,9.65,0.0,2582.36,Misc,[OPEN],0.3,0.0,,True
ANZ-BE-0f08c0ab3535,2026-02-12,26,EFTPOS | AIRTASKER* 19529710X\,14.9,0.0,2567.46,Misc,[OPEN],0.3,0.0,,True
ANZ-BE-ddc6b704b8e2,2026-02-12,26,EFTPOS | AIRTASKER* 19529865X\,15.9,0.0,2551.56,Misc,[OPEN],0.3,0.0,,True
ANZ-BE-3c41bcb14761,2026-02-12,26,VISA DEBIT PURCHASE CARD 5746 | EXPRESSVPN.COM GIBRALTAR | 21.99 USD INC O/S FEE $0.94 | EFFECTIVE DATE 10 FEB 2026,32.34,0.0,2519.22,Misc,[OPEN],0.3,0.0,,True
ANZ-BE-789912773a85,2026-02-12,26,EFTPOS | SNAP FITNE* SNAP FITNE\,49.9,0.0,2469.32,Misc,[OPEN],0.3,0.0,,True
ANZ-BE-a260b2208ec8,2026-02-12,26,PAYMENT | TO ALLIANZ INSURE 109258317017226043,113.24,0.0,2356.08,Insurance,business,0.7,10.29,,False
ANZ-BE-bac2817e9059,2026-02-13,26,PAYMENT FROM SCOTT A WALKER,0.0,450.0,2806.08,Income-Candidate,business,0.55,0.0,,True
ANZ-BE-7181028ade04,2026-02-13,26,VISA DEBIT PURCHASE CARD 5746 | TRANSPORTFORNSW TAP SYDNEY | EFFECTIVE DATE 10 FEB 2026,6.99,0.0,2799.09,Misc,[OPEN],0.3,0.0,,True
ANZ-BE-693036044b9b,2026-02-13,26,VISA DEBIT PURCHASE CARD 5746 | PETERSHAM SUPERMARKET PETERSHAM | EFFECTIVE DATE 11 FEB 2026,24.13,0.0,2774.96,Misc,[OPEN],0.3,0.0,,True
ANZ-BE-795b26dc66ed,2026-02-13,26,VISA DEBIT PURCHASE CARD 5746 | SQ *CHILD FOUNDATION AUST 1800595310 | EFFECTIVE DATE 11 FEB 2026,27.0,0.0,2747.96,Misc,[OPEN],0.3,0.0,,True
ANZ-BE-ef6f96be86dd,2026-02-13,26,VISA DEBIT PURCHASE CARD 5746 | WOOLWORTHS/BEECROFT RD & BEECROFT | EFFECTIVE DATE 11 FEB 2026,27.5,0.0,2720.46,Groceries,[OPEN],0.6,0.0,,True
ANZ-BE-5c091060de6f,2026-02-13,26,VISA DEBIT PURCHASE CARD 5746 | BP CENTRE 2268 WEST PYMBLE | EFFECTIVE DATE 10 FEB 2026,50.41,0.0,2670.05,Fuel,business,0.7,4.58,,False
ANZ-BE-db388852eacb,2026-02-13,26,ANZ MOBILE BANKING PAYMENT 056625 | TO ARMIN MOHEBIAFZAP,1800.0,0.0,870.05,Associate-Payment,[OPEN],0.7,0.0,ASSOCIATE:Armin;DIV7A-CANDIDATE,True
ANZ-BE-c3cc2558465c,2026-02-16,26,PAYMENT FROM SCOTT A WALKER | EFFECTIVE DATE 15 FEB 2026,0.0,450.0,1320.05,Income-Candidate,business,0.55,0.0,,True
ANZ-BE-45436914905b,2026-02-16,26,VISA DEBIT PURCHASE CARD 5746 | GOOGLE ONE BARANGAROO | EFFECTIVE DATE 13 FEB 2026,6.49,0.0,1313.56,Software-Subscriptions,business,0.6,0.59,,True
ANZ-BE-b52f97323e83,2026-02-16,26,VISA DEBIT PURCHASE CARD 5746 | TRANSPORTFORNSW TAP SYDNEY | EFFECTIVE DATE 11 FEB 2026,8.66,0.0,1304.9,Misc,[OPEN],0.3,0.0,,True
ANZ-BE-f7e3909e2fbe,2026-02-16,26,VISA DEBIT PURCHASE CARD 5746 | TRANSPORTFORNSW TAP SYDNEY | EFFECTIVE DATE 13 FEB 2026,13.36,0.0,1291.54,Misc,[OPEN],0.3,0.0,,True
ANZ-BE-46f98fc8f365,2026-02-16,26,VISA DEBIT PURCHASE CARD 5746 | TRANSPORTFORNSW TAP SYDNEY | EFFECTIVE DATE 12 FEB 2026,14.18,0.0,1277.36,Misc,[OPEN],0.3,0.0,,True
ANZ-BE-03eaed6c845c,2026-02-16,26,VISA DEBIT PURCHASE CARD 5746 | REBTEL STOCKHOLM | EFFECTIVE DATE 14 FEB 2026,15.0,0.0,1262.36,Misc,[OPEN],0.3,0.0,,True
ANZ-BE-86b2d5cd5641,2026-02-16,26,VISA DEBIT PURCHASE CARD 5746 | GOOGLE YOUTUBEPREMIUM BARANGAROO | EFFECTIVE DATE 14 FEB 2026,16.99,0.0,1245.37,Software-Subscriptions,business,0.6,1.54,,True
ANZ-BE-49d665203d71,2026-02-16,26,EFTPOS | FELIX MOBILE\ | EFFECTIVE DATE 14 FEB 2026,20.0,0.0,1225.37,Misc,[OPEN],0.3,0.0,,True
ANZ-BE-3895cb68e5b4,2026-02-16,26,VISA DEBIT PURCHASE CARD 5746 | ANTHROPIC ANTHROPIC.COM | 16.50 USD INC O/S FEE $0.69 | EFFECTIVE DATE 13 FEB 2026,24.02,0.0,1201.35,Software-Subscriptions,business,0.6,2.18,,True
ANZ-BE-8e367147bcb1,2026-02-16,26,EFTPOS | NO.1 MALATANG PENRITH PENRITH AU,35.27,0.0,1166.08,Misc,[OPEN],0.3,0.0,,True
ANZ-BE-9fe382a77e73,2026-02-16,26,VISA DEBIT PURCHASE CARD 5746 | 7-ELEVEN 2128 CARLINGFORD | EFFECTIVE DATE 12 FEB 2026,50.08,0.0,1116.0,Fuel,business,0.7,4.55,,False
ANZ-BE-bb1c41d95f56,2026-02-16,26,EFTPOS | INSP PAINT EPPING EPPING NSWAU | EFFECTIVE DATE 14 FEB 2026,56.82,0.0,1059.18,Materials-Tools,business,0.8,5.17,,False
ANZ-BE-5ffe87df6fea,2026-02-16,26,ANZ MOBILE BANKING PAYMENT 537927 | TO ARMIN MOHEBIAFZAP,500.0,0.0,559.18,Associate-Payment,[OPEN],0.7,0.0,ASSOCIATE:Armin;DIV7A-CANDIDATE,True
ANZ-BE-19804c9b6122,2026-02-17,26,VISA DEBIT PURCHASE CARD 5746 | APPLE.COM/BILL SYDNEY | EFFECTIVE DATE 15 FEB 2026,4.49,0.0,554.69,Software-Subscriptions,business,0.6,0.41,,True
ANZ-BE-cd093d058729,2026-02-17,26,EFTPOS | INSP PAINT EPPING EPPING NSWAU,10.5,0.0,544.19,Materials-Tools,business,0.8,0.95,,False
ANZ-BE-6cb51a8df9a0,2026-02-17,26,VISA DEBIT PURCHASE CARD 5746 | INTUIT QUICKBOOKS SYDNEY | EFFECTIVE DATE 15 FEB 2026,33.0,0.0,511.19,Misc,[OPEN],0.3,0.0,,True
ANZ-BE-c0eea97245e0,2026-02-17,26,VISA DEBIT PURCHASE CARD 5746 | 7-ELEVEN 2143 ARNCLIFFE | EFFECTIVE DATE 15 FEB 2026,82.79,0.0,428.4,Fuel,business,0.7,7.53,,False
ANZ-BE-d2b3b1975e93,2026-02-18,26,VISA DEBIT PURCHASE CARD 5746 | OFFICEWORKS 0256 NORTH NORTHMEAD | EFFECTIVE DATE 16 FEB 2026,10.0,0.0,418.4,Misc,[OPEN],0.3,0.0,,True
ANZ-BE-1233319a15d3,2026-02-18,26,VISA DEBIT PURCHASE CARD 5746 | TRANSPORTFORNSW TAP SYDNEY | EFFECTIVE DATE 15 FEB 2026,16.46,0.0,401.94,Misc,[OPEN],0.3,0.0,,True
ANZ-BE-1b4e8597953e,2026-02-18,26,VISA DEBIT PURCHASE CARD 5746 | OFFICEWORKS 0256 NORTHMEAD | EFFECTIVE DATE 16 FEB 2026,19.5,0.0,382.44,Misc,[OPEN],0.3,0.0,,True
ANZ-BE-1473eebc054e,2026-02-18,26,VISA DEBIT PURCHASE CARD 5746 | BP EDGECLIFF 7256 EDGECLIFF | EFFECTIVE DATE 13 FEB 2026,32.3,0.0,350.14,Fuel,business,0.7,2.94,,False
ANZ-BE-d091287962d7,2026-02-18,26,VISA DEBIT PURCHASE CARD 5746 | OFFICEWORKS BENTLEIGH EAS | EFFECTIVE DATE 16 FEB 2026,35.42,0.0,314.72,Misc,[OPEN],0.3,0.0,,True
ANZ-BE-23c9ebc849de,2026-02-18,26,VISA DEBIT PURCHASE CARD 5746 | SPEEDWAY FUELS HABER HABERFIELD | EFFECTIVE DATE 15 FEB 2026,38.99,0.0,275.73,Fuel,business,0.7,3.54,,False
ANZ-BE-b6ea3b4caa87,2026-02-18,26,VISA DEBIT PURCHASE CARD 5746 | PAYPAL *PYPL PAYIN4 1800073263 | EFFECTIVE DATE 16 FEB 2026,40.87,0.0,234.86,Misc,[OPEN],0.3,0.0,,True
ANZ-BE-61d467a253d8,2026-02-19,26,PAYMENT FROM ARMIN MOHEBIAFZAL,0.0,150.0,384.86,Associate-Inflow,[OPEN],0.6,0.0,ASSOCIATE:Armin,True
ANZ-BE-639b2aada0bb,2026-02-19,26,VISA DEBIT PURCHASE CARD 5746 | WESTFIELD PENRITH PENRITH | EFFECTIVE DATE 16 FEB 2026,9.0,0.0,375.86,Misc,[OPEN],0.3,0.0,,True
ANZ-BE-ccedb0438fee,2026-02-19,26,VISA DEBIT PURCHASE CARD 5746 | TEMU.COM PARRAMATTA | EFFECTIVE DATE 17 FEB 2026,30.47,0.0,345.39,Misc,[OPEN],0.3,0.0,,True
ANZ-BE-9fb5a06052d5,2026-02-20,26,PAYMENT FROM ARMIN MOHEBIAFZAL,0.0,335.0,680.39,Associate-Inflow,[OPEN],0.6,0.0,ASSOCIATE:Armin,True
ANZ-BE-df7db560f315,2026-02-20,26,PAYMENT FROM SCOTT A WALKER,0.0,470.0,1150.39,Income-Candidate,business,0.55,0.0,,True
ANZ-BE-2a84db4e35ba,2026-02-20,26,PAYMENT FROM MEHRDAD MANSOURI,0.0,1000.0,2150.39,Income-Candidate,business,0.55,0.0,,True
ANZ-BE-62b32e6ebd55,2026-02-20,26,VISA DEBIT PURCHASE CARD 5746 | REDDY EXPRESS 1691 FIVE DOCK | EFFECTIVE DATE 18 FEB 2026,7.0,0.0,2143.39,Misc,[OPEN],0.3,0.0,,True
ANZ-BE-3cb92ce13f80,2026-02-20,26,ANZ MOBILE BANKING PAYMENT 146377 | TO ARMIN MOHEBIAFZAP,470.0,0.0,1673.39,Associate-Payment,[OPEN],0.7,0.0,ASSOCIATE:Armin;DIV7A-CANDIDATE,True
ANZ-BE-8b4dff3e9ca9,2026-02-20,26,ANZ MOBILE BANKING PAYMENT 226160 | TO ROSECAP PTY LTD,1334.26,0.0,339.13,Misc,[OPEN],0.3,0.0,,True
