branch,head12,fully_merged_into_main,last_commit_date,commits_ahead_of_main,commits_behind_main,class
codex/executor-safety-20260915,e5c44850c4a4,NO,2026-09-17,213,256,active-window
landing/release-p0-20260902,2c5b99baa6dd,NO,2026-09-17,10,0,active-window
port/110b-send-path-tests-20260917,92ab548a8447,NO,2026-09-17,1,0,active-window
receipts/durability-snapshot-20260916,503515b611fe,NO,2026-09-17,213,256,active-window
feature/j-draft,951bfb954ddc,NO,2026-09-16,1,0,active-window
rootfix/phase1-rca-20260916,bb286c028e2c,NO,2026-09-16,11,84,active-window
origin,dba9971a8026,yes,2026-09-15,0,-,active-window
cursor/taskenvelope-system-hardening-de45,638aed236a65,NO,2026-09-15,4,18,active-window
main,dba9971a8026,yes,2026-09-15,0,-,active-window
feature/call-log,a286b6bf2452,NO,2026-09-14,1,24,idle
fix/enrichment-bugs-and-digest-regex,effc8308b6a8,NO,2026-09-14,1,34,idle
fix/accounts-100-cap,d599fc61e819,NO,2026-09-13,6,65,idle
repair/ziman-cycle-4-readiness,0fe56ca4dcd4,NO,2026-09-10,2,35,idle
cursor/painting-public-lead-form-01b4,88f13c70dbcb,NO,2026-09-09,2,36,idle
docs/octopus-os-incidents-20260902,bf46e4aabc69,NO,2026-09-09,126,77,idle
feat/leads-sync-final,f50e480602bf,NO,2026-09-09,3,46,idle
feature/b2b-discovery-cleanup,107aa80a2a3d,NO,2026-09-09,6,36,idle
feature/log-outcome,5fd3ee173f98,NO,2026-09-09,5,46,idle
cursor/event-envelope-local-crdt-3830,0bc6507ca1e4,NO,2026-09-08,4,47,idle
docs/adr-f2-counter-canonical,d30268a6ee2b,NO,2026-09-08,6,48,idle
feature/digest-mobile-priority,533f2aeb2990,NO,2026-09-08,4,46,idle
fix/opslib-import-boundary,5e3254f77d69,NO,2026-09-08,2,49,idle
rescue/wo-align-20260906,c7e664621fa5,NO,2026-09-07,8,61,idle
feat/register-strata-hub-source,e5c24537d768,NO,2026-09-06,4,69,idle
fix/digest-direct-variants,704a5f6ae8e9,NO,2026-09-06,5,69,idle
feat/leads-master-73,38b8c0b4400d,NO,2026-09-05,6,80,idle
rescue/main-board-integ-20260904,a9ee26fa351f,NO,2026-09-05,8,81,idle
auto/gap-065-1788449777,c02ac0e0deb1,NO,2026-09-04,1,96,idle
auto/gap-065-1788450126,238928524089,NO,2026-09-04,1,96,idle
auto/gap-065-1788450216,e76dcf9ccfaa,NO,2026-09-04,2,95,idle
docs/shipping-policy-20260904,f1bb9f89761b,NO,2026-09-04,1,84,idle
feat/110b-capability-token-20260903,eb5cb60c997a,NO,2026-09-04,9,90,idle
feat/brainwake-structured-v2,289c2e9dedc1,NO,2026-09-04,3,86,idle
feat/cognitive-wake-p3-20260904,790e2adbf004,NO,2026-09-04,1,94,idle
feat/gap-066-brain-schema-20260904,63daee773fdb,NO,2026-09-04,5,85,idle
feat/gap-194-win-lf-20260904,06a285442518,NO,2026-09-04,7,84,idle
feat/glass-runner-20260903,e1eaf8ce01c2,NO,2026-09-04,3,97,idle
feat/leads-batch-13,ceff71d89bf3,NO,2026-09-04,4,92,idle
feat/m5-owner-release-20260904,c14ffd02a144,NO,2026-09-04,2,91,idle
feat/p1-horizon-cutoff-20260904,2120dc4759c4,NO,2026-09-04,2,84,idle
feat/p1-task-bind-20260904,fcbeac2ba054,NO,2026-09-04,3,84,idle
feat/p1-version-compat-20260904,73cf9fefe011,NO,2026-09-04,2,84,idle
feat/reply-queue-bridge-20260904,b396853f4af8,NO,2026-09-04,2,88,idle
feat/shopify-connector-register-20260904,f803e567e483,NO,2026-09-04,1,89,idle
fix/debug-sweep-20260904,db811e22cd1b,NO,2026-09-04,2,96,idle
fix/doctor-pulse-precision-20260903,0c788099cc5d,NO,2026-09-04,3,92,idle
audit/138-20260903,644725d1d58e,NO,2026-09-03,4,127,idle
cursor/bc-6b341e92-ac14-42eb-ac6a-f54617c532af-fe8c,ff6d713a4313,NO,2026-09-03,1,105,idle
cursor/d27-unlock-ea6b,54f04e5a57cd,NO,2026-09-03,9,165,idle
cursor/d28-edge-runbook-ea6b,f93019f6bb2c,NO,2026-09-03,22,161,idle
cursor/taskenvelope-system-hardening-8bfc,f8d28a74b77e,NO,2026-09-03,2,96,idle
cursor/taskenvelope-system-hardening-c14b,b766bd54b303,NO,2026-09-03,7,153,idle
docs/local-architecture-map-20260903,2eee3ffbc8c2,NO,2026-09-03,2,104,idle
docs/season-concepts-20260903,0e8feeb59057,NO,2026-09-03,2,104,idle
docs/skill-business-legs-wiring-2026-09-03,dfc67e771f5f,NO,2026-09-03,2,104,idle
feat/add-woolworths-lead,3bbbb311518d,NO,2026-09-03,1,105,idle
feat/autonomous-source-registry-20260903,a25301c607c4,NO,2026-09-03,5,127,idle
feat/board-doctor-20260903,36485bfcef31,NO,2026-09-03,3,127,idle
feat/doctor-pulse-20260903,0a21bc3fd56b,NO,2026-09-03,3,101,idle
feat/external-witness-20260903,e40b06d338c4,NO,2026-09-03,5,127,idle
feat/f1-contract-20260903,8292804d2ba7,NO,2026-09-03,3,104,idle
feat/gov-pack-20260903,a9c4169ebfaa,NO,2026-09-03,4,127,idle
feat/learning-feeder-20260903,95c5f8d73fd2,NO,2026-09-03,3,101,idle
feat/mega-index-20260903,6e996ab10952,NO,2026-09-03,9,133,idle
feat/owner-absent-20260903,3d3c82c37595,NO,2026-09-03,5,127,idle
feat/p1-envelope-deadline-mint-20260902,77472613b904,NO,2026-09-03,6,151,idle
feat/p1-load-invariants-20260902,9b89db344900,NO,2026-09-03,6,152,idle
feat/p1-phase-wall-20260902,8d5068d00098,NO,2026-09-03,2,116,idle
feat/telegram-glass-20260903,75e09c61ec13,NO,2026-09-03,3,160,idle
feat/vault-witness-20260903,dd77576c2cbf,NO,2026-09-03,4,127,idle
feat/ziman-browser-harvester-20260903,8873a0e626b0,NO,2026-09-03,5,127,idle
fix/buysw-bridge-v03,2aac8f3312e9,NO,2026-09-03,2,150,idle
fix/doctor-oneshot-classification-20260903,537171c4482a,NO,2026-09-03,1,105,idle
fix/economy-bugbot-3-20260903,efc47ab83f72,NO,2026-09-03,4,155,idle
fix/env-independent-tests-20260903,10de2e13f589,NO,2026-09-03,1,118,idle
fix/gate-not-applicable-neutral-20260903,1507461c1dfd,NO,2026-09-03,3,158,idle
fix/heartbeat-live-cap-display-20260903,4e429034c1bf,NO,2026-09-03,2,154,idle
fix/r0-heartbeat-dep-20260903,65eefbd84d14,NO,2026-09-03,3,156,idle
fix/r0-quote-closure-20260903,fb909887bffe,NO,2026-09-03,5,159,idle
fix/remove-inert-wire-flag-20260903,50fcd669eb55,NO,2026-09-03,4,131,idle
fix/self-model-real-services-20260903,713918665dc1,NO,2026-09-03,3,157,idle
gov/v6-two-reviewer-rule-20260903,f7ff2ddad44a,NO,2026-09-03,3,163,idle
ofn/wire,3ad3c07a7ec4,NO,2026-09-03,6,256,idle
release/p0,d2f805fc514f,NO,2026-09-03,12,183,idle
chore/dead-source-labels-20260902,0a5de4fed1fc,NO,2026-09-02,3,171,idle
cursor/pr-approval-agent-logic-a806,4ee1d65b5445,NO,2026-09-02,3,154,idle
docs/octopus-os-pack-20260902,7337ddd9bcb5,NO,2026-09-02,1,181,idle
docs/sanitize-lan-ips-20260902,00e9b9150e55,NO,2026-09-02,2,172,idle
docs/sanitize-round2-20260902,32c212bbbcbc,NO,2026-09-02,2,167,idle
docs/waiver-rescope-addendum-20260902,64ccc9df6a62,NO,2026-09-02,4,170,idle
evidence/vault-scan-f-drive-20260902,6449b490be49,NO,2026-09-02,2,178,idle
feat/halt-run-gate-chaos-20260902,788b76ecc0ef,NO,2026-09-02,24,179,idle
feat/p1-envelope-runstore-20260902,a77494bc2ca7,NO,2026-09-02,12,179,idle
feat/r0-revenue-spine-20260902,7f8c8dc64ca6,NO,2026-09-02,2,169,idle
fix/demand-harvest,864a40534ae4,NO,2026-09-02,13,168,idle
gov/v4-independence-codeowners-20260902,56e068c79238,NO,2026-09-02,2,166,idle
lane/economic-learning-loop,9237ccfe5696,NO,2026-09-02,4,175,idle
lane/self-awareness,f255856eb84f,NO,2026-09-02,3,177,idle
lane/self-awareness-webviewer,2b6311cbf1e6,NO,2026-09-02,1,175,idle
lane/self-completing-doctor,44129564c46a,NO,2026-09-02,11,176,idle
tools/rotate-all-20260902,8377224e2933,NO,2026-09-02,1,174,idle
cursor/outbox-negatives-enqueue-6a56,0cf684d50b0c,NO,2026-09-01,1,197,idle
docs/acceptance-accepted,49547daf6e85,NO,2026-09-01,9,191,idle
docs/capability-world-fit-20260901,922262309415,NO,2026-09-01,1,205,idle
docs/deep-debug-final,26b94467536f,NO,2026-09-01,1,194,idle
docs/ignition-receipt,221deab1ac33,NO,2026-09-01,1,197,idle
docs/market-final,368cb70f5cfe,NO,2026-09-01,1,204,idle
docs/protection-payload,c55efdd2d0a2,NO,2026-09-01,6,198,idle
docs/round2-artifact,e42bce29410c,NO,2026-09-01,1,186,idle
docs/s2b-decisions-20260901,2bb1dd8c2685,NO,2026-09-01,1,211,idle
docs/s2b-receipt-backfill-20260901,19445fd97108,NO,2026-09-01,1,209,idle
docs/s6d08-and-market,a94a647e6855,NO,2026-09-01,1,204,idle
docs/s6d10-s6d11,732e1770b307,NO,2026-09-01,1,201,idle
docs/season-2026-0901,f1e537ed7a53,NO,2026-09-01,1,208,idle
export/octopus-a702-delta-20260901,a9959755f762,NO,2026-09-01,1,200,idle
export/outbox-item1-negatives,c5e5194995cf,NO,2026-09-01,2,194,idle
export/outbox-item1-negatives-v2,9ff4591e3e88,NO,2026-09-01,2,194,idle
feat/s2b-A-claim-adapter-20260901,b9e4024e721b,NO,2026-09-01,2,211,idle
feat/s2b-B-store-hardening-20260901,c10bd7c76d57,NO,2026-09-01,3,211,idle
feat/s2b-C-verifier-reach-20260901,8f0df36ae84b,NO,2026-09-01,4,211,idle
feat/s2b-claim-record-20260901,653a4d5b4c6a,NO,2026-09-01,4,211,idle
feat/survival-loop-shadow,0d086f199472,NO,2026-09-01,1,199,idle
feat/survival-telegram-bridge,684b103bbce9,NO,2026-09-01,2,197,idle
fix/contradiction-scan,66c62281b3f3,NO,2026-09-01,2,206,idle
fix/d0-blocked-hygiene,f692fa5c83d0,NO,2026-09-01,1,202,idle
fix/deep-scan-3fixes,ba67156318c5,NO,2026-09-01,3,189,idle
fix/migration-collision-guard,31f17206b29b,NO,2026-09-01,1,195,idle
fix/outbox-hardening,c03ed2891c13,NO,2026-09-01,1,198,idle
fix/outbox-lossless-guard,b0ca4b8e5b93,NO,2026-09-01,1,187,idle
fix/s2b-ci-and-fixture,4c8dbc75266a,NO,2026-09-01,1,207,idle
governance/independent-review-gate,b283ae7180d1,NO,2026-09-01,1,189,idle
test/raw-key-t1t2t3,87425b89ab07,NO,2026-09-01,1,189,idle
docs/accounting-recovery-34-20260831,1fd573e07b71,NO,2026-08-31,1,216,STALE
docs/lineage-map-20260831,b4e8061bad99,NO,2026-08-31,1,216,STALE
docs/megaprompts-owner-ask-20260831,625d1e9e0183,NO,2026-08-31,1,216,STALE
docs/owner-queue-status-20260831,dcfc75c0e6b7,NO,2026-08-31,1,216,STALE
export/observatory-fixture-20260830,fa2a4c16e291,NO,2026-08-31,2,221,STALE
export/restore-drill-20260830,805a0bae50cf,NO,2026-08-31,2,221,STALE
hygiene/agent-context-phase1-20260831,d9cf5c9d790c,NO,2026-08-31,3,221,STALE
hygiene/audit-20260831,14357e7affa3,NO,2026-08-31,2,221,STALE
integration/owner-brain-p0-plus-win-20260831,26ed609003c8,NO,2026-08-31,8,222,STALE
revert/pr6-if-owner-ratifies,082322a18911,NO,2026-08-31,1,221,STALE
backup/board138-20260830,c1969bce5384,yes,2026-08-30,0,-,idle
backup/hypno-fugu-mini-20260830,0f225571d16e,NO,2026-08-30,7,256,STALE
chore/untrack-runtime-artifacts-20260830,db6b0ec2d512,NO,2026-08-30,4,222,STALE
export/octopus-surgery-20260830,526613e2483f,NO,2026-08-30,1,222,STALE
export/octopus-surgery-20260830-193052,59ea2fb1fd63,NO,2026-08-30,6,222,STALE
ofn/heartbeat,caf5e70057a2,NO,2026-08-30,1,256,STALE
work/board182-test-discovery-init,0e43f041f99b,NO,2026-08-30,3,256,STALE
work/r1-portability,456562449c2e,NO,2026-08-30,5,222,STALE
work/truth-record-20260830,ebf8b7e89b68,NO,2026-08-30,4,222,STALE
archive/board180-unprotected-20260830,c6d6a47bbfa4,NO,2026-08-29,18,256,STALE
backup/board180-20260830,28209effa84a,NO,2026-08-29,17,256,STALE
backup/board182-20260830,294d51c1e01d,NO,2026-08-29,1,256,STALE
chore/untrack-evidence-inbox-20260830,836f7bb1300d,NO,2026-08-29,19,256,STALE
audit/cursor-20260828,d94c42cb15d6,NO,2026-08-28,1,227,STALE
audit/senior-auditor-20260828-138,f09681ad315f,yes,2026-08-28,0,-,idle
audit/zcode-20260828,678975bb43c3,NO,2026-08-28,20,256,STALE
discovery/138-body-map-20260828,56e936944dee,yes,2026-08-28,0,-,idle
octopus/reconcile-138-20260827,d3fb20c14179,yes,2026-08-27,0,-,idle
ofn/cockpit-v2-20260827,6070f519b94d,yes,2026-08-27,0,-,idle
ofn-v1.0-three-business-owner-center,859edfc8433c,yes,2026-08-26,0,-,idle
ofn/evolve-20260826-anatomy-180,36e579ef1020,NO,2026-08-26,15,256,STALE
ofn/board-snapshot-20260816,32a81d034acb,NO,2026-08-16,1,241,STALE
rescue/octopus-live-tree-20260821,4dcaa821c945,NO,2026-07-14,209,256,STALE
